sample_name,filepath
placeholder,placeholder
O1903025.mzXML,O1903025.mzXML
O1903017.mzXML,O1903017.mzXML
O1903024.mzXML,O1903024.mzXML
O1903019.mzXML,O1903019.mzXML
O1903049.mzXML,O1903049.mzXML
O1903073.mzXML,O1903073.mzXML
O1903031.mzXML,O1903031.mzXML
O1903043.mzXML,O1903043.mzXML
O1903079.mzXML,O1903079.mzXML
O1903084.mzXML,O1903084.mzXML
O1903240.mzXML,O1903240.mzXML
O1903021.mzXML,O1903021.mzXML
O1903083.mzXML,O1903083.mzXML
O1903090.mzXML,O1903090.mzXML
O1903055.mzXML,O1903055.mzXML
O1903061.mzXML,O1903061.mzXML
O1903067.mzXML,O1903067.mzXML
O1903037.mzXML,O1903037.mzXML
O1903261.mzXML,O1903261.mzXML
O1903216.mzXML,O1903216.mzXML
O1903258.mzXML,O1903258.mzXML
O1903220.mzXML,O1903220.mzXML
O1903211.mzXML,O1903211.mzXML
O1903223.mzXML,O1903223.mzXML
O1903255.mzXML,O1903255.mzXML
O1903267.mzXML,O1903267.mzXML
O1903227.mzXML,O1903227.mzXML
O1903257.mzXML,O1903257.mzXML
O1903256.mzXML,O1903256.mzXML
O1903244.mzXML,O1903244.mzXML
O1903252.mzXML,O1903252.mzXML
O1903231.mzXML,O1903231.mzXML
O1903251.mzXML,O1903251.mzXML
O1903214.mzXML,O1903214.mzXML
O1903270.mzXML,O1903270.mzXML
O1903253.mzXML,O1903253.mzXML
O1903246.mzXML,O1903246.mzXML
O1903217.mzXML,O1903217.mzXML
O1903233.mzXML,O1903233.mzXML
O1903222.mzXML,O1903222.mzXML
O1903225.mzXML,O1903225.mzXML
O1903249.mzXML,O1903249.mzXML
O1903232.mzXML,O1903232.mzXML
O1903221.mzXML,O1903221.mzXML
O1903239.mzXML,O1903239.mzXML
O1903022.mzXML,O1903022.mzXML
O1903228.mzXML,O1903228.mzXML
O1903271.mzXML,O1903271.mzXML
O1903238.mzXML,O1903238.mzXML
O1903229.mzXML,O1903229.mzXML
O1903274.mzXML,O1903274.mzXML
O1903226.mzXML,O1903226.mzXML
O1903250.mzXML,O1903250.mzXML
O1903213.mzXML,O1903213.mzXML
O1903259.mzXML,O1903259.mzXML
O1903269.mzXML,O1903269.mzXML
O1903234.mzXML,O1903234.mzXML
O1903241.mzXML,O1903241.mzXML
O1903243.mzXML,O1903243.mzXML
O1903219.mzXML,O1903219.mzXML
O1903273.mzXML,O1903273.mzXML
O1903237.mzXML,O1903237.mzXML
O1903268.mzXML,O1903268.mzXML
O1903235.mzXML,O1903235.mzXML
O1903215.mzXML,O1903215.mzXML
O1903245.mzXML,O1903245.mzXML
O1903247.mzXML,O1903247.mzXML
O1903039.mzXML,O1903039.mzXML
O1903048.mzXML,O1903048.mzXML
O1903081.mzXML,O1903081.mzXML
O1903056.mzXML,O1903056.mzXML
O1903059.mzXML,O1903059.mzXML
O1903060.mzXML,O1903060.mzXML
O1903068.mzXML,O1903068.mzXML
O1903080.mzXML,O1903080.mzXML
O1903057.mzXML,O1903057.mzXML
O1903044.mzXML,O1903044.mzXML
O1903052.mzXML,O1903052.mzXML
O1903058.mzXML,O1903058.mzXML
O1903064.mzXML,O1903064.mzXML
O1903075.mzXML,O1903075.mzXML
O1903036.mzXML,O1903036.mzXML
O1903029.mzXML,O1903029.mzXML
O1903034.mzXML,O1903034.mzXML
O1903074.mzXML,O1903074.mzXML
O1903030.mzXML,O1903030.mzXML
O1903071.mzXML,O1903071.mzXML
O1903035.mzXML,O1903035.mzXML
O1903045.mzXML,O1903045.mzXML
O1903078.mzXML,O1903078.mzXML
O1903033.mzXML,O1903033.mzXML
O1903070.mzXML,O1903070.mzXML
O1903046.mzXML,O1903046.mzXML
O1903054.mzXML,O1903054.mzXML
O1903040.mzXML,O1903040.mzXML
O1903053.mzXML,O1903053.mzXML
O1903069.mzXML,O1903069.mzXML
O1903076.mzXML,O1903076.mzXML
O1903050.mzXML,O1903050.mzXML
O1903072.mzXML,O1903072.mzXML
O1903062.mzXML,O1903062.mzXML
O1903023.mzXML,O1903023.mzXML
O1903032.mzXML,O1903032.mzXML
O1903065.mzXML,O1903065.mzXML
O1903047.mzXML,O1903047.mzXML
O1903063.mzXML,O1903063.mzXML
O1903028.mzXML,O1903028.mzXML
O1903066.mzXML,O1903066.mzXML
O1903051.mzXML,O1903051.mzXML
O1903038.mzXML,O1903038.mzXML
O1903026.mzXML,O1903026.mzXML
O1903027.mzXML,O1903027.mzXML
O1903077.mzXML,O1903077.mzXML
O1903041.mzXML,O1903041.mzXML
O1903082.mzXML,O1903082.mzXML
O1903042.mzXML,O1903042.mzXML
