Site Name ,REEF
Site Number ,1
Logger ,Integrating Light Sensor
Logger Serial Number ,4607


Scan No ,Date and Time,       Integrating Light,        ,
        ,        ,RAW VALUE ,CALIBRATED VALUE,

1,22/11/2018 , 10:01:00,598,598
2,22/11/2018 , 10:02:00,488,488
3,22/11/2018 , 10:03:00,602,602
4,22/11/2018 , 10:04:00,708,708
5,22/11/2018 , 10:05:00,749,749
6,22/11/2018 , 10:06:00,723,723
7,22/11/2018 , 10:07:00,622,622
8,22/11/2018 , 10:08:00,453,453
9,22/11/2018 , 10:09:00,576,576
10,22/11/2018 , 10:10:00,658,658
11,22/11/2018 , 10:11:00,663,663
12,22/11/2018 , 10:12:00,620,620
13,22/11/2018 , 10:13:00,513,513
14,22/11/2018 , 10:14:00,508,508
15,22/11/2018 , 10:15:00,324,324
16,22/11/2018 , 10:16:00,425,425
17,22/11/2018 , 10:17:00,276,276
18,22/11/2018 , 10:18:00,499,499
19,22/11/2018 , 10:19:00,242,242
20,22/11/2018 , 10:20:00,231,231
21,22/11/2018 , 10:21:00,508,508
22,22/11/2018 , 10:22:00,557,557
23,22/11/2018 , 10:23:00,253,253
24,22/11/2018 , 10:24:00,288,288
25,22/11/2018 , 10:25:00,664,664
26,22/11/2018 , 10:26:00,616,616
27,22/11/2018 , 10:27:00,494,494
28,22/11/2018 , 10:28:00,408,408
29,22/11/2018 , 10:29:00,578,578
30,22/11/2018 , 10:30:00,553,553
31,22/11/2018 , 10:31:00,469,469
32,22/11/2018 , 10:32:00,443,443
33,22/11/2018 , 10:33:00,630,630
34,22/11/2018 , 10:34:00,659,659
35,22/11/2018 , 10:35:00,392,392
36,22/11/2018 , 10:36:00,359,359
37,22/11/2018 , 10:37:00,673,673
38,22/11/2018 , 10:38:00,770,770
39,22/11/2018 , 10:39:00,729,729
40,22/11/2018 , 10:40:00,719,719
41,22/11/2018 , 10:41:00,607,607
42,22/11/2018 , 10:42:00,420,420
43,22/11/2018 , 10:43:00,315,315
44,22/11/2018 , 10:44:00,358,358
45,22/11/2018 , 10:45:00,376,376
46,22/11/2018 , 10:46:00,421,421
47,22/11/2018 , 10:47:00,461,461
48,22/11/2018 , 10:48:00,417,417
49,22/11/2018 , 10:49:00,459,459
50,22/11/2018 , 10:50:00,606,606
51,22/11/2018 , 10:51:00,684,684
52,22/11/2018 , 10:52:00,742,742
53,22/11/2018 , 10:53:00,797,797
54,22/11/2018 , 10:54:00,794,794
55,22/11/2018 , 10:55:00,864,864
56,22/11/2018 , 10:56:00,832,832
57,22/11/2018 , 10:57:00,753,753
58,22/11/2018 , 10:58:00,700,700
59,22/11/2018 , 10:59:00,554,554
60,22/11/2018 , 11:00:00,645,645
61,22/11/2018 , 11:01:00,605,605
62,22/11/2018 , 11:02:00,499,499
63,22/11/2018 , 11:03:00,463,463
64,22/11/2018 , 11:04:00,479,479
65,22/11/2018 , 11:05:00,555,555
66,22/11/2018 , 11:06:00,715,715
67,22/11/2018 , 11:07:00,519,519
68,22/11/2018 , 11:08:00,525,525
69,22/11/2018 , 11:09:00,605,605
70,22/11/2018 , 11:10:00,771,771
71,22/11/2018 , 11:11:00,792,792
72,22/11/2018 , 11:12:00,813,813
73,22/11/2018 , 11:13:00,839,839
74,22/11/2018 , 11:14:00,845,845
75,22/11/2018 , 11:15:00,808,808
76,22/11/2018 , 11:16:00,494,494
77,22/11/2018 , 11:17:00,462,462
78,22/11/2018 , 11:18:00,536,536
79,22/11/2018 , 11:19:00,725,725
80,22/11/2018 , 11:20:00,851,851
81,22/11/2018 , 11:21:00,835,835
82,22/11/2018 , 11:22:00,814,814
83,22/11/2018 , 11:23:00,813,813
84,22/11/2018 , 11:24:00,795,795
85,22/11/2018 , 11:25:00,781,781
86,22/11/2018 , 11:26:00,789,789
87,22/11/2018 , 11:27:00,785,785
88,22/11/2018 , 11:28:00,788,788
89,22/11/2018 , 11:29:00,801,801
90,22/11/2018 , 11:30:00,795,795
91,22/11/2018 , 11:31:00,799,799
92,22/11/2018 , 11:32:00,795,795
93,22/11/2018 , 11:33:00,796,796
94,22/11/2018 , 11:34:00,804,804
95,22/11/2018 , 11:35:00,799,799
96,22/11/2018 , 11:36:00,817,817
97,22/11/2018 , 11:37:00,804,804
98,22/11/2018 , 11:38:00,799,799
99,22/11/2018 , 11:39:00,825,825
100,22/11/2018 , 11:40:00,809,809
101,22/11/2018 , 11:41:00,817,817
102,22/11/2018 , 11:42:00,816,816
103,22/11/2018 , 11:43:00,813,813
104,22/11/2018 , 11:44:00,812,812
105,22/11/2018 , 11:45:00,813,813
106,22/11/2018 , 11:46:00,839,839
107,22/11/2018 , 11:47:00,834,834
108,22/11/2018 , 11:48:00,842,842
109,22/11/2018 , 11:49:00,832,832
110,22/11/2018 , 11:50:00,832,832
111,22/11/2018 , 11:51:00,824,824
112,22/11/2018 , 11:52:00,823,823
113,22/11/2018 , 11:53:00,826,826
114,22/11/2018 , 11:54:00,837,837
115,22/11/2018 , 11:55:00,821,821
116,22/11/2018 , 11:56:00,834,834
117,22/11/2018 , 11:57:00,843,843
118,22/11/2018 , 11:58:00,822,822
119,22/11/2018 , 11:59:00,828,828
120,22/11/2018 , 12:00:00,831,831
121,22/11/2018 , 12:01:00,828,828
122,22/11/2018 , 12:02:00,849,849
123,22/11/2018 , 12:03:00,841,841
124,22/11/2018 , 12:04:00,842,842
125,22/11/2018 , 12:05:00,832,832
126,22/11/2018 , 12:06:00,844,844
127,22/11/2018 , 12:07:00,840,840
128,22/11/2018 , 12:08:00,871,871
129,22/11/2018 , 12:09:00,849,849
130,22/11/2018 , 12:10:00,853,853
131,22/11/2018 , 12:11:00,840,840
132,22/11/2018 , 12:12:00,860,860
133,22/11/2018 , 12:13:00,865,865
134,22/11/2018 , 12:14:00,866,866
135,22/11/2018 , 12:15:00,854,854
136,22/11/2018 , 12:16:00,849,849
137,22/11/2018 , 12:17:00,850,850
138,22/11/2018 , 12:18:00,822,822
139,22/11/2018 , 12:19:00,804,804
140,22/11/2018 , 12:20:00,794,794
141,22/11/2018 , 12:21:00,795,795
142,22/11/2018 , 12:22:00,817,817
143,22/11/2018 , 12:23:00,807,807
144,22/11/2018 , 12:24:00,816,816
145,22/11/2018 , 12:25:00,805,805
146,22/11/2018 , 12:26:00,803,803
147,22/11/2018 , 12:27:00,804,804
148,22/11/2018 , 12:28:00,816,816
149,22/11/2018 , 12:29:00,834,834
150,22/11/2018 , 12:30:00,842,842
151,22/11/2018 , 12:31:00,839,839
152,22/11/2018 , 12:32:00,855,855
153,22/11/2018 , 12:33:00,839,839
154,22/11/2018 , 12:34:00,825,825
155,22/11/2018 , 12:35:00,846,846
156,22/11/2018 , 12:36:00,851,851
157,22/11/2018 , 12:37:00,853,853
158,22/11/2018 , 12:38:00,831,831
159,22/11/2018 , 12:39:00,856,856
160,22/11/2018 , 12:40:00,839,839
161,22/11/2018 , 12:41:00,851,851
162,22/11/2018 , 12:42:00,835,835
163,22/11/2018 , 12:43:00,857,857
164,22/11/2018 , 12:44:00,850,850
165,22/11/2018 , 12:45:00,857,857
166,22/11/2018 , 12:46:00,855,855
167,22/11/2018 , 12:47:00,859,859
168,22/11/2018 , 12:48:00,866,866
169,22/11/2018 , 12:49:00,854,854
170,22/11/2018 , 12:50:00,848,848
171,22/11/2018 , 12:51:00,859,859
172,22/11/2018 , 12:52:00,863,863
173,22/11/2018 , 12:53:00,871,871
174,22/11/2018 , 12:54:00,874,874
175,22/11/2018 , 12:55:00,884,884
176,22/11/2018 , 12:56:00,889,889
177,22/11/2018 , 12:57:00,882,882
178,22/11/2018 , 12:58:00,883,883
179,22/11/2018 , 12:59:00,888,888
180,22/11/2018 , 13:00:00,891,891
181,22/11/2018 , 13:01:00,881,881
182,22/11/2018 , 13:02:00,879,879
183,22/11/2018 , 13:03:00,873,873
184,22/11/2018 , 13:04:00,874,874
185,22/11/2018 , 13:05:00,867,867
186,22/11/2018 , 13:06:00,849,849
187,22/11/2018 , 13:07:00,846,846
188,22/11/2018 , 13:08:00,862,862
189,22/11/2018 , 13:09:00,849,849
190,22/11/2018 , 13:10:00,853,853
191,22/11/2018 , 13:11:00,850,850
192,22/11/2018 , 13:12:00,842,842
193,22/11/2018 , 13:13:00,833,833
194,22/11/2018 , 13:14:00,845,845
195,22/11/2018 , 13:15:00,849,849
196,22/11/2018 , 13:16:00,844,844
197,22/11/2018 , 13:17:00,851,851
198,22/11/2018 , 13:18:00,846,846
199,22/11/2018 , 13:19:00,841,841
200,22/11/2018 , 13:20:00,898,898
201,22/11/2018 , 13:21:00,897,897
202,22/11/2018 , 13:22:00,898,898
203,22/11/2018 , 13:23:00,903,903
204,22/11/2018 , 13:24:00,892,892
205,22/11/2018 , 13:25:00,893,893
206,22/11/2018 , 13:26:00,897,897
207,22/11/2018 , 13:27:00,891,891
208,22/11/2018 , 13:28:00,888,888
209,22/11/2018 , 13:29:00,884,884
210,22/11/2018 , 13:30:00,884,884
211,22/11/2018 , 13:31:00,867,867
212,22/11/2018 , 13:32:00,862,862
213,22/11/2018 , 13:33:00,857,857
214,22/11/2018 , 13:34:00,851,851
215,22/11/2018 , 13:35:00,853,853
216,22/11/2018 , 13:36:00,855,855
217,22/11/2018 , 13:37:00,834,834
218,22/11/2018 , 13:38:00,820,820
219,22/11/2018 , 13:39:00,790,790
220,22/11/2018 , 13:40:00,797,797
221,22/11/2018 , 13:41:00,810,810
222,22/11/2018 , 13:42:00,798,798
223,22/11/2018 , 13:43:00,771,771
224,22/11/2018 , 13:44:00,774,774
225,22/11/2018 , 13:45:00,766,766
226,22/11/2018 , 13:46:00,791,791
227,22/11/2018 , 13:47:00,799,799
228,22/11/2018 , 13:48:00,841,841
229,22/11/2018 , 13:49:00,900,900
230,22/11/2018 , 13:50:00,919,919
231,22/11/2018 , 13:51:00,848,848
232,22/11/2018 , 13:52:00,866,866
233,22/11/2018 , 13:53:00,767,767
234,22/11/2018 , 13:54:00,836,836
235,22/11/2018 , 13:55:00,834,834
236,22/11/2018 , 13:56:00,852,852
237,22/11/2018 , 13:57:00,870,870
238,22/11/2018 , 13:58:00,854,854
239,22/11/2018 , 13:59:00,860,860
240,22/11/2018 , 14:00:00,851,851
241,22/11/2018 , 14:01:00,851,851
242,22/11/2018 , 14:02:00,861,861
243,22/11/2018 , 14:03:00,887,887
244,22/11/2018 , 14:04:00,889,889
245,22/11/2018 , 14:05:00,886,886
246,22/11/2018 , 14:06:00,828,828
247,22/11/2018 , 14:07:00,835,835
248,22/11/2018 , 14:08:00,833,833
249,22/11/2018 , 14:09:00,866,866
250,22/11/2018 , 14:10:00,878,878
251,22/11/2018 , 14:11:00,875,875
252,22/11/2018 , 14:12:00,856,856
253,22/11/2018 , 14:13:00,833,833
254,22/11/2018 , 14:14:00,836,836
255,22/11/2018 , 14:15:00,861,861
256,22/11/2018 , 14:16:00,894,894
257,22/11/2018 , 14:17:00,862,862
258,22/11/2018 , 14:18:00,861,861
259,22/11/2018 , 14:19:00,880,880
260,22/11/2018 , 14:20:00,900,900
261,22/11/2018 , 14:21:00,833,833
262,22/11/2018 , 14:22:00,717,717
263,22/11/2018 , 14:23:00,743,743
264,22/11/2018 , 14:24:00,662,662
265,22/11/2018 , 14:25:00,580,580
266,22/11/2018 , 14:26:00,783,783
267,22/11/2018 , 14:27:00,751,751
268,22/11/2018 , 14:28:00,763,763
269,22/11/2018 , 14:29:00,747,747
270,22/11/2018 , 14:30:00,751,751
271,22/11/2018 , 14:31:00,793,793
272,22/11/2018 , 14:32:00,807,807
273,22/11/2018 , 14:33:00,553,553
274,22/11/2018 , 14:34:00,281,281
275,22/11/2018 , 14:35:00,473,473
276,22/11/2018 , 14:36:00,634,634
277,22/11/2018 , 14:37:00,350,350
278,22/11/2018 , 14:38:00,431,431
279,22/11/2018 , 14:39:00,742,742
280,22/11/2018 , 14:40:00,450,450
281,22/11/2018 , 14:41:00,283,283
282,22/11/2018 , 14:42:00,494,494
283,22/11/2018 , 14:43:00,202,202
284,22/11/2018 , 14:44:00,190,190
285,22/11/2018 , 14:45:00,535,535
286,22/11/2018 , 14:46:00,509,509
287,22/11/2018 , 14:47:00,171,171
288,22/11/2018 , 14:48:00,698,698
289,22/11/2018 , 14:49:00,703,703
290,22/11/2018 , 14:50:00,654,654
291,22/11/2018 , 14:51:00,693,693
292,22/11/2018 , 14:52:00,705,705
293,22/11/2018 , 14:53:00,616,616
294,22/11/2018 , 14:54:00,484,484
295,22/11/2018 , 14:55:00,699,699
296,22/11/2018 , 14:56:00,695,695
297,22/11/2018 , 14:57:00,696,696
298,22/11/2018 , 14:58:00,704,704
299,22/11/2018 , 14:59:00,627,627
300,22/11/2018 , 15:00:00,659,659
301,22/11/2018 , 15:01:00,667,667
302,22/11/2018 , 15:02:00,661,661
303,22/11/2018 , 15:03:00,666,666
304,22/11/2018 , 15:04:00,686,686
305,22/11/2018 , 15:05:00,700,700
306,22/11/2018 , 15:06:00,699,699
307,22/11/2018 , 15:07:00,674,674
308,22/11/2018 , 15:08:00,597,597
309,22/11/2018 , 15:09:00,631,631
310,22/11/2018 , 15:10:00,628,628
311,22/11/2018 , 15:11:00,637,637
312,22/11/2018 , 15:12:00,659,659
313,22/11/2018 , 15:13:00,679,679
314,22/11/2018 , 15:14:00,679,679
315,22/11/2018 , 15:15:00,680,680
316,22/11/2018 , 15:16:00,674,674
317,22/11/2018 , 15:17:00,675,675
318,22/11/2018 , 15:18:00,649,649
319,22/11/2018 , 15:19:00,616,616
320,22/11/2018 , 15:20:00,503,503
321,22/11/2018 , 15:21:00,510,510
322,22/11/2018 , 15:22:00,596,596
323,22/11/2018 , 15:23:00,592,592
324,22/11/2018 , 15:24:00,600,600
325,22/11/2018 , 15:25:00,581,581
326,22/11/2018 , 15:26:00,569,569
327,22/11/2018 , 15:27:00,568,568
328,22/11/2018 , 15:28:00,573,573
329,22/11/2018 , 15:29:00,586,586
330,22/11/2018 , 15:30:00,591,591
331,22/11/2018 , 15:31:00,519,519
332,22/11/2018 , 15:32:00,202,202
333,22/11/2018 , 15:33:00,223,223
334,22/11/2018 , 15:34:00,287,287
335,22/11/2018 , 15:35:00,572,572
336,22/11/2018 , 15:36:00,564,564
337,22/11/2018 , 15:37:00,371,371
338,22/11/2018 , 15:38:00,567,567
339,22/11/2018 , 15:39:00,552,552
340,22/11/2018 , 15:40:00,559,559
341,22/11/2018 , 15:41:00,538,538
342,22/11/2018 , 15:42:00,523,523
343,22/11/2018 , 15:43:00,516,516
344,22/11/2018 , 15:44:00,523,523
345,22/11/2018 , 15:45:00,537,537
346,22/11/2018 , 15:46:00,567,567
347,22/11/2018 , 15:47:00,552,552
348,22/11/2018 , 15:48:00,573,573
349,22/11/2018 , 15:49:00,542,542
350,22/11/2018 , 15:50:00,515,515
351,22/11/2018 , 15:51:00,242,242
352,22/11/2018 , 15:52:00,344,344
353,22/11/2018 , 15:53:00,372,372
354,22/11/2018 , 15:54:00,435,435
355,22/11/2018 , 15:55:00,442,442
356,22/11/2018 , 15:56:00,434,434
357,22/11/2018 , 15:57:00,431,431
358,22/11/2018 , 15:58:00,432,432
359,22/11/2018 , 15:59:00,426,426
360,22/11/2018 , 16:00:00,420,420
361,22/11/2018 , 16:01:00,418,418
362,22/11/2018 , 16:02:00,407,407
363,22/11/2018 , 16:03:00,407,407
364,22/11/2018 , 16:04:00,399,399
365,22/11/2018 , 16:05:00,399,399
366,22/11/2018 , 16:06:00,401,401
367,22/11/2018 , 16:07:00,414,414
368,22/11/2018 , 16:08:00,419,419
369,22/11/2018 , 16:09:00,411,411
370,22/11/2018 , 16:10:00,401,401
371,22/11/2018 , 16:11:00,396,396
372,22/11/2018 , 16:12:00,405,405
373,22/11/2018 , 16:13:00,430,430
374,22/11/2018 , 16:14:00,433,433
375,22/11/2018 , 16:15:00,442,442
376,22/11/2018 , 16:16:00,441,441
377,22/11/2018 , 16:17:00,229,229
378,22/11/2018 , 16:18:00,178,178
379,22/11/2018 , 16:19:00,360,360
380,22/11/2018 , 16:20:00,345,345
381,22/11/2018 , 16:21:00,312,312
382,22/11/2018 , 16:22:00,382,382
383,22/11/2018 , 16:23:00,368,368
384,22/11/2018 , 16:24:00,350,350
385,22/11/2018 , 16:25:00,332,332
386,22/11/2018 , 16:26:00,327,327
387,22/11/2018 , 16:27:00,320,320
388,22/11/2018 , 16:28:00,317,317
389,22/11/2018 , 16:29:00,314,314
390,22/11/2018 , 16:30:00,311,311
391,22/11/2018 , 16:31:00,307,307
392,22/11/2018 , 16:32:00,302,302
393,22/11/2018 , 16:33:00,303,303
394,22/11/2018 , 16:34:00,307,307
395,22/11/2018 , 16:35:00,288,288
396,22/11/2018 , 16:36:00,282,282
397,22/11/2018 , 16:37:00,277,277
398,22/11/2018 , 16:38:00,269,269
399,22/11/2018 , 16:39:00,263,263
400,22/11/2018 , 16:40:00,238,238
401,22/11/2018 , 16:41:00,206,206
402,22/11/2018 , 16:42:00,245,245
403,22/11/2018 , 16:43:00,245,245
404,22/11/2018 , 16:44:00,241,241
405,22/11/2018 , 16:45:00,236,236
406,22/11/2018 , 16:46:00,225,225
407,22/11/2018 , 16:47:00,219,219
408,22/11/2018 , 16:48:00,214,214
409,22/11/2018 , 16:49:00,203,203
410,22/11/2018 , 16:50:00,195,195
411,22/11/2018 , 16:51:00,193,193
412,22/11/2018 , 16:52:00,194,194
413,22/11/2018 , 16:53:00,175,175
414,22/11/2018 , 16:54:00,181,181
415,22/11/2018 , 16:55:00,180,180
416,22/11/2018 , 16:56:00,176,176
417,22/11/2018 , 16:57:00,178,178
418,22/11/2018 , 16:58:00,175,175
419,22/11/2018 , 16:59:00,174,174
420,22/11/2018 , 17:00:00,168,168
421,22/11/2018 , 17:01:00,160,160
422,22/11/2018 , 17:02:00,152,152
423,22/11/2018 , 17:03:00,139,139
424,22/11/2018 , 17:04:00,129,129
425,22/11/2018 , 17:05:00,129,129
426,22/11/2018 , 17:06:00,130,130
427,22/11/2018 , 17:07:00,131,131
428,22/11/2018 , 17:08:00,132,132
429,22/11/2018 , 17:09:00,124,124
430,22/11/2018 , 17:10:00,124,124
431,22/11/2018 , 17:11:00,117,117
432,22/11/2018 , 17:12:00,114,114
433,22/11/2018 , 17:13:00,106,106
434,22/11/2018 , 17:14:00,95,95
435,22/11/2018 , 17:15:00,82,82
436,22/11/2018 , 17:16:00,74,74
437,22/11/2018 , 17:17:00,70,70
438,22/11/2018 , 17:18:00,72,72
439,22/11/2018 , 17:19:00,66,66
440,22/11/2018 , 17:20:00,63,63
441,22/11/2018 , 17:21:00,62,62
442,22/11/2018 , 17:22:00,61,61
443,22/11/2018 , 17:23:00,61,61
444,22/11/2018 , 17:24:00,59,59
445,22/11/2018 , 17:25:00,56,56
446,22/11/2018 , 17:26:00,54,54
447,22/11/2018 , 17:27:00,51,51
448,22/11/2018 , 17:28:00,48,48
449,22/11/2018 , 17:29:00,47,47
450,22/11/2018 , 17:30:00,46,46
451,22/11/2018 , 17:31:00,51,51
452,22/11/2018 , 17:32:00,51,51
453,22/11/2018 , 17:33:00,45,45
454,22/11/2018 , 17:34:00,39,39
455,22/11/2018 , 17:35:00,37,37
456,22/11/2018 , 17:36:00,34,34
457,22/11/2018 , 17:37:00,34,34
458,22/11/2018 , 17:38:00,33,33
459,22/11/2018 , 17:39:00,35,35
460,22/11/2018 , 17:40:00,34,34
461,22/11/2018 , 17:41:00,35,35
462,22/11/2018 , 17:42:00,34,34
463,22/11/2018 , 17:43:00,31,31
464,22/11/2018 , 17:44:00,27,27
465,22/11/2018 , 17:45:00,25,25
466,22/11/2018 , 17:46:00,25,25
467,22/11/2018 , 17:47:00,22,22
468,22/11/2018 , 17:48:00,21,21
469,22/11/2018 , 17:49:00,20,20
470,22/11/2018 , 17:50:00,18,18
471,22/11/2018 , 17:51:00,17,17
472,22/11/2018 , 17:52:00,15,15
473,22/11/2018 , 17:53:00,15,15
474,22/11/2018 , 17:54:00,13,13
475,22/11/2018 , 17:55:00,12,12
476,22/11/2018 , 17:56:00,11,11
477,22/11/2018 , 17:57:00,11,11
478,22/11/2018 , 17:58:00,9,9
479,22/11/2018 , 17:59:00,8,8
480,22/11/2018 , 18:00:00,8,8
481,22/11/2018 , 18:01:00,7,7
482,22/11/2018 , 18:02:00,7,7
483,22/11/2018 , 18:03:00,5,5
484,22/11/2018 , 18:04:00,5,5
485,22/11/2018 , 18:05:00,5,5
486,22/11/2018 , 18:06:00,4,4
487,22/11/2018 , 18:07:00,3,3
488,22/11/2018 , 18:08:00,3,3
489,22/11/2018 , 18:09:00,3,3
490,22/11/2018 , 18:10:00,2,2
491,22/11/2018 , 18:11:00,3,3
492,22/11/2018 , 18:12:00,1,1
493,22/11/2018 , 18:13:00,2,2
494,22/11/2018 , 18:14:00,1,1
495,22/11/2018 , 18:15:00,1,1
496,22/11/2018 , 18:16:00,1,1
497,22/11/2018 , 18:17:00,1,1
498,22/11/2018 , 18:18:00,0,0
499,22/11/2018 , 18:19:00,1,1
500,22/11/2018 , 18:20:00,0,0
501,22/11/2018 , 18:21:00,0,0
502,22/11/2018 , 18:22:00,1,1
503,22/11/2018 , 18:23:00,0,0
504,22/11/2018 , 18:24:00,0,0
505,22/11/2018 , 18:25:00,0,0
506,22/11/2018 , 18:26:00,0,0
507,22/11/2018 , 18:27:00,0,0
508,22/11/2018 , 18:28:00,0,0
509,22/11/2018 , 18:29:00,0,0
510,22/11/2018 , 18:30:00,0,0
511,22/11/2018 , 18:31:00,0,0
512,22/11/2018 , 18:32:00,0,0
513,22/11/2018 , 18:33:00,0,0
514,22/11/2018 , 18:34:00,0,0
515,22/11/2018 , 18:35:00,0,0
516,22/11/2018 , 18:36:00,0,0
517,22/11/2018 , 18:37:00,0,0
518,22/11/2018 , 18:38:00,0,0
519,22/11/2018 , 18:39:00,0,0
520,22/11/2018 , 18:40:00,0,0
521,22/11/2018 , 18:41:00,0,0
522,22/11/2018 , 18:42:00,0,0
523,22/11/2018 , 18:43:00,0,0
524,22/11/2018 , 18:44:00,0,0
525,22/11/2018 , 18:45:00,0,0
526,22/11/2018 , 18:46:00,0,0
527,22/11/2018 , 18:47:00,0,0
528,22/11/2018 , 18:48:00,0,0
529,22/11/2018 , 18:49:00,0,0
530,22/11/2018 , 18:50:00,0,0
531,22/11/2018 , 18:51:00,0,0
532,22/11/2018 , 18:52:00,0,0
533,22/11/2018 , 18:53:00,0,0
534,22/11/2018 , 18:54:00,0,0
535,22/11/2018 , 18:55:00,0,0
536,22/11/2018 , 18:56:00,0,0
537,22/11/2018 , 18:57:00,0,0
538,22/11/2018 , 18:58:00,0,0
539,22/11/2018 , 18:59:00,0,0
540,22/11/2018 , 19:00:00,0,0
541,22/11/2018 , 19:01:00,0,0
542,22/11/2018 , 19:02:00,0,0
543,22/11/2018 , 19:03:00,0,0
544,22/11/2018 , 19:04:00,0,0
545,22/11/2018 , 19:05:00,0,0
546,22/11/2018 , 19:06:00,0,0
547,22/11/2018 , 19:07:00,0,0
548,22/11/2018 , 19:08:00,0,0
549,22/11/2018 , 19:09:00,0,0
550,22/11/2018 , 19:10:00,0,0
551,22/11/2018 , 19:11:00,0,0
552,22/11/2018 , 19:12:00,0,0
553,22/11/2018 , 19:13:00,0,0
554,22/11/2018 , 19:14:00,0,0
555,22/11/2018 , 19:15:00,0,0
556,22/11/2018 , 19:16:00,0,0
557,22/11/2018 , 19:17:00,0,0
558,22/11/2018 , 19:18:00,0,0
559,22/11/2018 , 19:19:00,0,0
560,22/11/2018 , 19:20:00,0,0
561,22/11/2018 , 19:21:00,0,0
562,22/11/2018 , 19:22:00,0,0
563,22/11/2018 , 19:23:00,0,0
564,22/11/2018 , 19:24:00,0,0
565,22/11/2018 , 19:25:00,0,0
566,22/11/2018 , 19:26:00,0,0
567,22/11/2018 , 19:27:00,0,0
568,22/11/2018 , 19:28:00,0,0
569,22/11/2018 , 19:29:00,0,0
570,22/11/2018 , 19:30:00,0,0
571,22/11/2018 , 19:31:00,0,0
572,22/11/2018 , 19:32:00,0,0
573,22/11/2018 , 19:33:00,0,0
574,22/11/2018 , 19:34:00,0,0
575,22/11/2018 , 19:35:00,0,0
576,22/11/2018 , 19:36:00,0,0
577,22/11/2018 , 19:37:00,0,0
578,22/11/2018 , 19:38:00,0,0
579,22/11/2018 , 19:39:00,0,0
580,22/11/2018 , 19:40:00,0,0
581,22/11/2018 , 19:41:00,0,0
582,22/11/2018 , 19:42:00,0,0
583,22/11/2018 , 19:43:00,0,0
584,22/11/2018 , 19:44:00,0,0
585,22/11/2018 , 19:45:00,0,0
586,22/11/2018 , 19:46:00,0,0
587,22/11/2018 , 19:47:00,0,0
588,22/11/2018 , 19:48:00,0,0
589,22/11/2018 , 19:49:00,0,0
590,22/11/2018 , 19:50:00,0,0
591,22/11/2018 , 19:51:00,0,0
592,22/11/2018 , 19:52:00,0,0
593,22/11/2018 , 19:53:00,0,0
594,22/11/2018 , 19:54:00,0,0
595,22/11/2018 , 19:55:00,0,0
596,22/11/2018 , 19:56:00,0,0
597,22/11/2018 , 19:57:00,0,0
598,22/11/2018 , 19:58:00,0,0
599,22/11/2018 , 19:59:00,0,0
600,22/11/2018 , 20:00:00,0,0
601,22/11/2018 , 20:01:00,0,0
602,22/11/2018 , 20:02:00,0,0
603,22/11/2018 , 20:03:00,0,0
604,22/11/2018 , 20:04:00,0,0
605,22/11/2018 , 20:05:00,0,0
606,22/11/2018 , 20:06:00,0,0
607,22/11/2018 , 20:07:00,0,0
608,22/11/2018 , 20:08:00,0,0
609,22/11/2018 , 20:09:00,0,0
610,22/11/2018 , 20:10:00,0,0
611,22/11/2018 , 20:11:00,0,0
612,22/11/2018 , 20:12:00,0,0
613,22/11/2018 , 20:13:00,0,0
614,22/11/2018 , 20:14:00,0,0
615,22/11/2018 , 20:15:00,0,0
616,22/11/2018 , 20:16:00,0,0
617,22/11/2018 , 20:17:00,0,0
618,22/11/2018 , 20:18:00,0,0
619,22/11/2018 , 20:19:00,0,0
620,22/11/2018 , 20:20:00,0,0
621,22/11/2018 , 20:21:00,0,0
622,22/11/2018 , 20:22:00,0,0
623,22/11/2018 , 20:23:00,0,0
624,22/11/2018 , 20:24:00,0,0
625,22/11/2018 , 20:25:00,0,0
626,22/11/2018 , 20:26:00,0,0
627,22/11/2018 , 20:27:00,0,0
628,22/11/2018 , 20:28:00,0,0
629,22/11/2018 , 20:29:00,0,0
630,22/11/2018 , 20:30:00,0,0
631,22/11/2018 , 20:31:00,0,0
632,22/11/2018 , 20:32:00,0,0
633,22/11/2018 , 20:33:00,0,0
634,22/11/2018 , 20:34:00,0,0
635,22/11/2018 , 20:35:00,0,0
636,22/11/2018 , 20:36:00,0,0
637,22/11/2018 , 20:37:00,0,0
638,22/11/2018 , 20:38:00,0,0
639,22/11/2018 , 20:39:00,0,0
640,22/11/2018 , 20:40:00,0,0
641,22/11/2018 , 20:41:00,0,0
642,22/11/2018 , 20:42:00,0,0
643,22/11/2018 , 20:43:00,0,0
644,22/11/2018 , 20:44:00,0,0
645,22/11/2018 , 20:45:00,0,0
646,22/11/2018 , 20:46:00,0,0
647,22/11/2018 , 20:47:00,0,0
648,22/11/2018 , 20:48:00,0,0
649,22/11/2018 , 20:49:00,0,0
650,22/11/2018 , 20:50:00,0,0
651,22/11/2018 , 20:51:00,0,0
652,22/11/2018 , 20:52:00,0,0
653,22/11/2018 , 20:53:00,0,0
654,22/11/2018 , 20:54:00,0,0
655,22/11/2018 , 20:55:00,0,0
656,22/11/2018 , 20:56:00,0,0
657,22/11/2018 , 20:57:00,0,0
658,22/11/2018 , 20:58:00,0,0
659,22/11/2018 , 20:59:00,0,0
660,22/11/2018 , 21:00:00,0,0
661,22/11/2018 , 21:01:00,0,0
662,22/11/2018 , 21:02:00,0,0
663,22/11/2018 , 21:03:00,0,0
664,22/11/2018 , 21:04:00,0,0
665,22/11/2018 , 21:05:00,0,0
666,22/11/2018 , 21:06:00,0,0
667,22/11/2018 , 21:07:00,0,0
668,22/11/2018 , 21:08:00,0,0
669,22/11/2018 , 21:09:00,0,0
670,22/11/2018 , 21:10:00,0,0
671,22/11/2018 , 21:11:00,0,0
672,22/11/2018 , 21:12:00,0,0
673,22/11/2018 , 21:13:00,0,0
674,22/11/2018 , 21:14:00,0,0
675,22/11/2018 , 21:15:00,0,0
676,22/11/2018 , 21:16:00,0,0
677,22/11/2018 , 21:17:00,0,0
678,22/11/2018 , 21:18:00,0,0
679,22/11/2018 , 21:19:00,0,0
680,22/11/2018 , 21:20:00,0,0
681,22/11/2018 , 21:21:00,0,0
682,22/11/2018 , 21:22:00,0,0
683,22/11/2018 , 21:23:00,0,0
684,22/11/2018 , 21:24:00,0,0
685,22/11/2018 , 21:25:00,0,0
686,22/11/2018 , 21:26:00,0,0
687,22/11/2018 , 21:27:00,0,0
688,22/11/2018 , 21:28:00,0,0
689,22/11/2018 , 21:29:00,0,0
690,22/11/2018 , 21:30:00,0,0
691,22/11/2018 , 21:31:00,0,0
692,22/11/2018 , 21:32:00,0,0
693,22/11/2018 , 21:33:00,0,0
694,22/11/2018 , 21:34:00,0,0
695,22/11/2018 , 21:35:00,0,0
696,22/11/2018 , 21:36:00,0,0
697,22/11/2018 , 21:37:00,0,0
698,22/11/2018 , 21:38:00,0,0
699,22/11/2018 , 21:39:00,0,0
700,22/11/2018 , 21:40:00,0,0
701,22/11/2018 , 21:41:00,0,0
702,22/11/2018 , 21:42:00,0,0
703,22/11/2018 , 21:43:00,0,0
704,22/11/2018 , 21:44:00,0,0
705,22/11/2018 , 21:45:00,0,0
706,22/11/2018 , 21:46:00,0,0
707,22/11/2018 , 21:47:00,0,0
708,22/11/2018 , 21:48:00,0,0
709,22/11/2018 , 21:49:00,0,0
710,22/11/2018 , 21:50:00,0,0
711,22/11/2018 , 21:51:00,0,0
712,22/11/2018 , 21:52:00,0,0
713,22/11/2018 , 21:53:00,0,0
714,22/11/2018 , 21:54:00,0,0
715,22/11/2018 , 21:55:00,0,0
716,22/11/2018 , 21:56:00,0,0
717,22/11/2018 , 21:57:00,0,0
718,22/11/2018 , 21:58:00,0,0
719,22/11/2018 , 21:59:00,0,0
720,22/11/2018 , 22:00:00,0,0
721,22/11/2018 , 22:01:00,0,0
722,22/11/2018 , 22:02:00,0,0
723,22/11/2018 , 22:03:00,0,0
724,22/11/2018 , 22:04:00,0,0
725,22/11/2018 , 22:05:00,0,0
726,22/11/2018 , 22:06:00,0,0
727,22/11/2018 , 22:07:00,0,0
728,22/11/2018 , 22:08:00,0,0
729,22/11/2018 , 22:09:00,0,0
730,22/11/2018 , 22:10:00,0,0
731,22/11/2018 , 22:11:00,0,0
732,22/11/2018 , 22:12:00,0,0
733,22/11/2018 , 22:13:00,0,0
734,22/11/2018 , 22:14:00,0,0
735,22/11/2018 , 22:15:00,0,0
736,22/11/2018 , 22:16:00,0,0
737,22/11/2018 , 22:17:00,0,0
738,22/11/2018 , 22:18:00,0,0
739,22/11/2018 , 22:19:00,0,0
740,22/11/2018 , 22:20:00,0,0
741,22/11/2018 , 22:21:00,0,0
742,22/11/2018 , 22:22:00,0,0
743,22/11/2018 , 22:23:00,0,0
744,22/11/2018 , 22:24:00,0,0
745,22/11/2018 , 22:25:00,0,0
746,22/11/2018 , 22:26:00,0,0
747,22/11/2018 , 22:27:00,0,0
748,22/11/2018 , 22:28:00,0,0
749,22/11/2018 , 22:29:00,0,0
750,22/11/2018 , 22:30:00,0,0
751,22/11/2018 , 22:31:00,0,0
752,22/11/2018 , 22:32:00,0,0
753,22/11/2018 , 22:33:00,0,0
754,22/11/2018 , 22:34:00,0,0
755,22/11/2018 , 22:35:00,0,0
756,22/11/2018 , 22:36:00,0,0
757,22/11/2018 , 22:37:00,0,0
758,22/11/2018 , 22:38:00,0,0
759,22/11/2018 , 22:39:00,0,0
760,22/11/2018 , 22:40:00,0,0
761,22/11/2018 , 22:41:00,0,0
762,22/11/2018 , 22:42:00,0,0
763,22/11/2018 , 22:43:00,0,0
764,22/11/2018 , 22:44:00,0,0
765,22/11/2018 , 22:45:00,0,0
766,22/11/2018 , 22:46:00,0,0
767,22/11/2018 , 22:47:00,0,0
768,22/11/2018 , 22:48:00,0,0
769,22/11/2018 , 22:49:00,0,0
770,22/11/2018 , 22:50:00,0,0
771,22/11/2018 , 22:51:00,0,0
772,22/11/2018 , 22:52:00,0,0
773,22/11/2018 , 22:53:00,0,0
774,22/11/2018 , 22:54:00,0,0
775,22/11/2018 , 22:55:00,0,0
776,22/11/2018 , 22:56:00,0,0
777,22/11/2018 , 22:57:00,0,0
778,22/11/2018 , 22:58:00,0,0
779,22/11/2018 , 22:59:00,0,0
780,22/11/2018 , 23:00:00,0,0
781,22/11/2018 , 23:01:00,0,0
782,22/11/2018 , 23:02:00,0,0
783,22/11/2018 , 23:03:00,0,0
784,22/11/2018 , 23:04:00,0,0
785,22/11/2018 , 23:05:00,0,0
786,22/11/2018 , 23:06:00,0,0
787,22/11/2018 , 23:07:00,0,0
788,22/11/2018 , 23:08:00,0,0
789,22/11/2018 , 23:09:00,0,0
790,22/11/2018 , 23:10:00,0,0
791,22/11/2018 , 23:11:00,0,0
792,22/11/2018 , 23:12:00,0,0
793,22/11/2018 , 23:13:00,0,0
794,22/11/2018 , 23:14:00,0,0
795,22/11/2018 , 23:15:00,0,0
796,22/11/2018 , 23:16:00,0,0
797,22/11/2018 , 23:17:00,0,0
798,22/11/2018 , 23:18:00,0,0
799,22/11/2018 , 23:19:00,0,0
800,22/11/2018 , 23:20:00,0,0
801,22/11/2018 , 23:21:00,0,0
802,22/11/2018 , 23:22:00,0,0
803,22/11/2018 , 23:23:00,0,0
804,22/11/2018 , 23:24:00,0,0
805,22/11/2018 , 23:25:00,0,0
806,22/11/2018 , 23:26:00,0,0
807,22/11/2018 , 23:27:00,0,0
808,22/11/2018 , 23:28:00,0,0
809,22/11/2018 , 23:29:00,0,0
810,22/11/2018 , 23:30:00,0,0
811,22/11/2018 , 23:31:00,0,0
812,22/11/2018 , 23:32:00,0,0
813,22/11/2018 , 23:33:00,0,0
814,22/11/2018 , 23:34:00,0,0
815,22/11/2018 , 23:35:00,0,0
816,22/11/2018 , 23:36:00,0,0
817,22/11/2018 , 23:37:00,0,0
818,22/11/2018 , 23:38:00,0,0
819,22/11/2018 , 23:39:00,0,0
820,22/11/2018 , 23:40:00,0,0
821,22/11/2018 , 23:41:00,0,0
822,22/11/2018 , 23:42:00,0,0
823,22/11/2018 , 23:43:00,0,0
824,22/11/2018 , 23:44:00,0,0
825,22/11/2018 , 23:45:00,0,0
826,22/11/2018 , 23:46:00,0,0
827,22/11/2018 , 23:47:00,0,0
828,22/11/2018 , 23:48:00,0,0
829,22/11/2018 , 23:49:00,0,0
830,22/11/2018 , 23:50:00,0,0
831,22/11/2018 , 23:51:00,0,0
832,22/11/2018 , 23:52:00,0,0
833,22/11/2018 , 23:53:00,0,0
834,22/11/2018 , 23:54:00,0,0
835,22/11/2018 , 23:55:00,0,0
836,22/11/2018 , 23:56:00,0,0
837,22/11/2018 , 23:57:00,0,0
838,22/11/2018 , 23:58:00,0,0
839,22/11/2018 , 23:59:00,0,0
840,22/11/2018 , 24:00:00,0,0
841,23/11/2018 , 00:01:00,0,0
842,23/11/2018 , 00:02:00,0,0
843,23/11/2018 , 00:03:00,0,0
844,23/11/2018 , 00:04:00,0,0
845,23/11/2018 , 00:05:00,0,0
846,23/11/2018 , 00:06:00,0,0
847,23/11/2018 , 00:07:00,0,0
848,23/11/2018 , 00:08:00,0,0
849,23/11/2018 , 00:09:00,0,0
850,23/11/2018 , 00:10:00,0,0
851,23/11/2018 , 00:11:00,0,0
852,23/11/2018 , 00:12:00,0,0
853,23/11/2018 , 00:13:00,0,0
854,23/11/2018 , 00:14:00,0,0
855,23/11/2018 , 00:15:00,0,0
856,23/11/2018 , 00:16:00,0,0
857,23/11/2018 , 00:17:00,0,0
858,23/11/2018 , 00:18:00,0,0
859,23/11/2018 , 00:19:00,0,0
860,23/11/2018 , 00:20:00,0,0
861,23/11/2018 , 00:21:00,0,0
862,23/11/2018 , 00:22:00,0,0
863,23/11/2018 , 00:23:00,0,0
864,23/11/2018 , 00:24:00,0,0
865,23/11/2018 , 00:25:00,0,0
866,23/11/2018 , 00:26:00,0,0
867,23/11/2018 , 00:27:00,0,0
868,23/11/2018 , 00:28:00,0,0
869,23/11/2018 , 00:29:00,0,0
870,23/11/2018 , 00:30:00,0,0
871,23/11/2018 , 00:31:00,0,0
872,23/11/2018 , 00:32:00,0,0
873,23/11/2018 , 00:33:00,0,0
874,23/11/2018 , 00:34:00,0,0
875,23/11/2018 , 00:35:00,0,0
876,23/11/2018 , 00:36:00,0,0
877,23/11/2018 , 00:37:00,0,0
878,23/11/2018 , 00:38:00,0,0
879,23/11/2018 , 00:39:00,0,0
880,23/11/2018 , 00:40:00,0,0
881,23/11/2018 , 00:41:00,0,0
882,23/11/2018 , 00:42:00,0,0
883,23/11/2018 , 00:43:00,0,0
884,23/11/2018 , 00:44:00,0,0
885,23/11/2018 , 00:45:00,0,0
886,23/11/2018 , 00:46:00,0,0
887,23/11/2018 , 00:47:00,0,0
888,23/11/2018 , 00:48:00,0,0
889,23/11/2018 , 00:49:00,0,0
890,23/11/2018 , 00:50:00,0,0
891,23/11/2018 , 00:51:00,0,0
892,23/11/2018 , 00:52:00,0,0
893,23/11/2018 , 00:53:00,0,0
894,23/11/2018 , 00:54:00,0,0
895,23/11/2018 , 00:55:00,0,0
896,23/11/2018 , 00:56:00,0,0
897,23/11/2018 , 00:57:00,0,0
898,23/11/2018 , 00:58:00,0,0
899,23/11/2018 , 00:59:00,0,0
900,23/11/2018 , 01:00:00,0,0
901,23/11/2018 , 01:01:00,0,0
902,23/11/2018 , 01:02:00,0,0
903,23/11/2018 , 01:03:00,0,0
904,23/11/2018 , 01:04:00,0,0
905,23/11/2018 , 01:05:00,0,0
906,23/11/2018 , 01:06:00,0,0
907,23/11/2018 , 01:07:00,0,0
908,23/11/2018 , 01:08:00,0,0
909,23/11/2018 , 01:09:00,0,0
910,23/11/2018 , 01:10:00,0,0
911,23/11/2018 , 01:11:00,0,0
912,23/11/2018 , 01:12:00,0,0
913,23/11/2018 , 01:13:00,0,0
914,23/11/2018 , 01:14:00,0,0
915,23/11/2018 , 01:15:00,0,0
916,23/11/2018 , 01:16:00,0,0
917,23/11/2018 , 01:17:00,0,0
918,23/11/2018 , 01:18:00,0,0
919,23/11/2018 , 01:19:00,0,0
920,23/11/2018 , 01:20:00,0,0
921,23/11/2018 , 01:21:00,0,0
922,23/11/2018 , 01:22:00,0,0
923,23/11/2018 , 01:23:00,0,0
924,23/11/2018 , 01:24:00,0,0
925,23/11/2018 , 01:25:00,0,0
926,23/11/2018 , 01:26:00,0,0
927,23/11/2018 , 01:27:00,0,0
928,23/11/2018 , 01:28:00,0,0
929,23/11/2018 , 01:29:00,0,0
930,23/11/2018 , 01:30:00,0,0
931,23/11/2018 , 01:31:00,0,0
932,23/11/2018 , 01:32:00,0,0
933,23/11/2018 , 01:33:00,0,0
934,23/11/2018 , 01:34:00,0,0
935,23/11/2018 , 01:35:00,0,0
936,23/11/2018 , 01:36:00,0,0
937,23/11/2018 , 01:37:00,0,0
938,23/11/2018 , 01:38:00,0,0
939,23/11/2018 , 01:39:00,0,0
940,23/11/2018 , 01:40:00,0,0
941,23/11/2018 , 01:41:00,0,0
942,23/11/2018 , 01:42:00,0,0
943,23/11/2018 , 01:43:00,0,0
944,23/11/2018 , 01:44:00,0,0
945,23/11/2018 , 01:45:00,0,0
946,23/11/2018 , 01:46:00,0,0
947,23/11/2018 , 01:47:00,0,0
948,23/11/2018 , 01:48:00,0,0
949,23/11/2018 , 01:49:00,0,0
950,23/11/2018 , 01:50:00,0,0
951,23/11/2018 , 01:51:00,0,0
952,23/11/2018 , 01:52:00,0,0
953,23/11/2018 , 01:53:00,0,0
954,23/11/2018 , 01:54:00,0,0
955,23/11/2018 , 01:55:00,0,0
956,23/11/2018 , 01:56:00,0,0
957,23/11/2018 , 01:57:00,0,0
958,23/11/2018 , 01:58:00,0,0
959,23/11/2018 , 01:59:00,0,0
960,23/11/2018 , 02:00:00,0,0
961,23/11/2018 , 02:01:00,0,0
962,23/11/2018 , 02:02:00,0,0
963,23/11/2018 , 02:03:00,0,0
964,23/11/2018 , 02:04:00,0,0
965,23/11/2018 , 02:05:00,0,0
966,23/11/2018 , 02:06:00,0,0
967,23/11/2018 , 02:07:00,0,0
968,23/11/2018 , 02:08:00,0,0
969,23/11/2018 , 02:09:00,0,0
970,23/11/2018 , 02:10:00,0,0
971,23/11/2018 , 02:11:00,0,0
972,23/11/2018 , 02:12:00,0,0
973,23/11/2018 , 02:13:00,0,0
974,23/11/2018 , 02:14:00,0,0
975,23/11/2018 , 02:15:00,0,0
976,23/11/2018 , 02:16:00,0,0
977,23/11/2018 , 02:17:00,0,0
978,23/11/2018 , 02:18:00,0,0
979,23/11/2018 , 02:19:00,0,0
980,23/11/2018 , 02:20:00,0,0
981,23/11/2018 , 02:21:00,0,0
982,23/11/2018 , 02:22:00,0,0
983,23/11/2018 , 02:23:00,0,0
984,23/11/2018 , 02:24:00,0,0
985,23/11/2018 , 02:25:00,0,0
986,23/11/2018 , 02:26:00,0,0
987,23/11/2018 , 02:27:00,0,0
988,23/11/2018 , 02:28:00,0,0
989,23/11/2018 , 02:29:00,0,0
990,23/11/2018 , 02:30:00,0,0
991,23/11/2018 , 02:31:00,0,0
992,23/11/2018 , 02:32:00,0,0
993,23/11/2018 , 02:33:00,0,0
994,23/11/2018 , 02:34:00,0,0
995,23/11/2018 , 02:35:00,0,0
996,23/11/2018 , 02:36:00,0,0
997,23/11/2018 , 02:37:00,0,0
998,23/11/2018 , 02:38:00,0,0
999,23/11/2018 , 02:39:00,0,0
1000,23/11/2018 , 02:40:00,0,0
1001,23/11/2018 , 02:41:00,0,0
1002,23/11/2018 , 02:42:00,0,0
1003,23/11/2018 , 02:43:00,0,0
1004,23/11/2018 , 02:44:00,0,0
1005,23/11/2018 , 02:45:00,0,0
1006,23/11/2018 , 02:46:00,0,0
1007,23/11/2018 , 02:47:00,0,0
1008,23/11/2018 , 02:48:00,0,0
1009,23/11/2018 , 02:49:00,0,0
1010,23/11/2018 , 02:50:00,0,0
1011,23/11/2018 , 02:51:00,0,0
1012,23/11/2018 , 02:52:00,0,0
1013,23/11/2018 , 02:53:00,0,0
1014,23/11/2018 , 02:54:00,0,0
1015,23/11/2018 , 02:55:00,0,0
1016,23/11/2018 , 02:56:00,0,0
1017,23/11/2018 , 02:57:00,0,0
1018,23/11/2018 , 02:58:00,0,0
1019,23/11/2018 , 02:59:00,0,0
1020,23/11/2018 , 03:00:00,0,0
1021,23/11/2018 , 03:01:00,0,0
1022,23/11/2018 , 03:02:00,0,0
1023,23/11/2018 , 03:03:00,0,0
1024,23/11/2018 , 03:04:00,0,0
1025,23/11/2018 , 03:05:00,0,0
1026,23/11/2018 , 03:06:00,0,0
1027,23/11/2018 , 03:07:00,0,0
1028,23/11/2018 , 03:08:00,0,0
1029,23/11/2018 , 03:09:00,0,0
1030,23/11/2018 , 03:10:00,0,0
1031,23/11/2018 , 03:11:00,0,0
1032,23/11/2018 , 03:12:00,0,0
1033,23/11/2018 , 03:13:00,0,0
1034,23/11/2018 , 03:14:00,0,0
1035,23/11/2018 , 03:15:00,0,0
1036,23/11/2018 , 03:16:00,0,0
1037,23/11/2018 , 03:17:00,0,0
1038,23/11/2018 , 03:18:00,0,0
1039,23/11/2018 , 03:19:00,0,0
1040,23/11/2018 , 03:20:00,0,0
1041,23/11/2018 , 03:21:00,0,0
1042,23/11/2018 , 03:22:00,0,0
1043,23/11/2018 , 03:23:00,0,0
1044,23/11/2018 , 03:24:00,0,0
1045,23/11/2018 , 03:25:00,0,0
1046,23/11/2018 , 03:26:00,0,0
1047,23/11/2018 , 03:27:00,0,0
1048,23/11/2018 , 03:28:00,0,0
1049,23/11/2018 , 03:29:00,0,0
1050,23/11/2018 , 03:30:00,0,0
1051,23/11/2018 , 03:31:00,0,0
1052,23/11/2018 , 03:32:00,0,0
1053,23/11/2018 , 03:33:00,0,0
1054,23/11/2018 , 03:34:00,0,0
1055,23/11/2018 , 03:35:00,0,0
1056,23/11/2018 , 03:36:00,0,0
1057,23/11/2018 , 03:37:00,0,0
1058,23/11/2018 , 03:38:00,0,0
1059,23/11/2018 , 03:39:00,0,0
1060,23/11/2018 , 03:40:00,0,0
1061,23/11/2018 , 03:41:00,0,0
1062,23/11/2018 , 03:42:00,0,0
1063,23/11/2018 , 03:43:00,0,0
1064,23/11/2018 , 03:44:00,0,0
1065,23/11/2018 , 03:45:00,0,0
1066,23/11/2018 , 03:46:00,0,0
1067,23/11/2018 , 03:47:00,0,0
1068,23/11/2018 , 03:48:00,0,0
1069,23/11/2018 , 03:49:00,0,0
1070,23/11/2018 , 03:50:00,0,0
1071,23/11/2018 , 03:51:00,0,0
1072,23/11/2018 , 03:52:00,0,0
1073,23/11/2018 , 03:53:00,0,0
1074,23/11/2018 , 03:54:00,0,0
1075,23/11/2018 , 03:55:00,0,0
1076,23/11/2018 , 03:56:00,0,0
1077,23/11/2018 , 03:57:00,0,0
1078,23/11/2018 , 03:58:00,0,0
1079,23/11/2018 , 03:59:00,0,0
1080,23/11/2018 , 04:00:00,0,0
1081,23/11/2018 , 04:01:00,0,0
1082,23/11/2018 , 04:02:00,0,0
1083,23/11/2018 , 04:03:00,0,0
1084,23/11/2018 , 04:04:00,0,0
1085,23/11/2018 , 04:05:00,0,0
1086,23/11/2018 , 04:06:00,0,0
1087,23/11/2018 , 04:07:00,0,0
1088,23/11/2018 , 04:08:00,0,0
1089,23/11/2018 , 04:09:00,0,0
1090,23/11/2018 , 04:10:00,0,0
1091,23/11/2018 , 04:11:00,0,0
1092,23/11/2018 , 04:12:00,0,0
1093,23/11/2018 , 04:13:00,0,0
1094,23/11/2018 , 04:14:00,0,0
1095,23/11/2018 , 04:15:00,0,0
1096,23/11/2018 , 04:16:00,0,0
1097,23/11/2018 , 04:17:00,0,0
1098,23/11/2018 , 04:18:00,0,0
1099,23/11/2018 , 04:19:00,0,0
1100,23/11/2018 , 04:20:00,0,0
1101,23/11/2018 , 04:21:00,0,0
1102,23/11/2018 , 04:22:00,0,0
1103,23/11/2018 , 04:23:00,0,0
1104,23/11/2018 , 04:24:00,0,0
1105,23/11/2018 , 04:25:00,0,0
1106,23/11/2018 , 04:26:00,0,0
1107,23/11/2018 , 04:27:00,0,0
1108,23/11/2018 , 04:28:00,0,0
1109,23/11/2018 , 04:29:00,0,0
1110,23/11/2018 , 04:30:00,0,0
1111,23/11/2018 , 04:31:00,0,0
1112,23/11/2018 , 04:32:00,0,0
1113,23/11/2018 , 04:33:00,0,0
1114,23/11/2018 , 04:34:00,0,0
1115,23/11/2018 , 04:35:00,0,0
1116,23/11/2018 , 04:36:00,0,0
1117,23/11/2018 , 04:37:00,0,0
1118,23/11/2018 , 04:38:00,0,0
1119,23/11/2018 , 04:39:00,0,0
1120,23/11/2018 , 04:40:00,0,0
1121,23/11/2018 , 04:41:00,0,0
1122,23/11/2018 , 04:42:00,0,0
1123,23/11/2018 , 04:43:00,0,0
1124,23/11/2018 , 04:44:00,0,0
1125,23/11/2018 , 04:45:00,0,0
1126,23/11/2018 , 04:46:00,0,0
1127,23/11/2018 , 04:47:00,0,0
1128,23/11/2018 , 04:48:00,0,0
1129,23/11/2018 , 04:49:00,0,0
1130,23/11/2018 , 04:50:00,0,0
1131,23/11/2018 , 04:51:00,0,0
1132,23/11/2018 , 04:52:00,0,0
1133,23/11/2018 , 04:53:00,0,0
1134,23/11/2018 , 04:54:00,0,0
1135,23/11/2018 , 04:55:00,0,0
1136,23/11/2018 , 04:56:00,0,0
1137,23/11/2018 , 04:57:00,0,0
1138,23/11/2018 , 04:58:00,0,0
1139,23/11/2018 , 04:59:00,0,0
1140,23/11/2018 , 05:00:00,0,0
1141,23/11/2018 , 05:01:00,0,0
1142,23/11/2018 , 05:02:00,0,0
1143,23/11/2018 , 05:03:00,0,0
1144,23/11/2018 , 05:04:00,0,0
1145,23/11/2018 , 05:05:00,0,0
1146,23/11/2018 , 05:06:00,0,0
1147,23/11/2018 , 05:07:00,0,0
1148,23/11/2018 , 05:08:00,0,0
1149,23/11/2018 , 05:09:00,0,0
1150,23/11/2018 , 05:10:00,0,0
1151,23/11/2018 , 05:11:00,0,0
1152,23/11/2018 , 05:12:00,0,0
1153,23/11/2018 , 05:13:00,0,0
1154,23/11/2018 , 05:14:00,0,0
1155,23/11/2018 , 05:15:00,0,0
1156,23/11/2018 , 05:16:00,0,0
1157,23/11/2018 , 05:17:00,0,0
1158,23/11/2018 , 05:18:00,0,0
1159,23/11/2018 , 05:19:00,0,0
1160,23/11/2018 , 05:20:00,0,0
1161,23/11/2018 , 05:21:00,0,0
1162,23/11/2018 , 05:22:00,0,0
1163,23/11/2018 , 05:23:00,0,0
1164,23/11/2018 , 05:24:00,0,0
1165,23/11/2018 , 05:25:00,0,0
1166,23/11/2018 , 05:26:00,0,0
1167,23/11/2018 , 05:27:00,0,0
1168,23/11/2018 , 05:28:00,0,0
1169,23/11/2018 , 05:29:00,0,0
1170,23/11/2018 , 05:30:00,0,0
1171,23/11/2018 , 05:31:00,0,0
1172,23/11/2018 , 05:32:00,0,0
1173,23/11/2018 , 05:33:00,0,0
1174,23/11/2018 , 05:34:00,0,0
1175,23/11/2018 , 05:35:00,0,0
1176,23/11/2018 , 05:36:00,0,0
1177,23/11/2018 , 05:37:00,0,0
1178,23/11/2018 , 05:38:00,0,0
1179,23/11/2018 , 05:39:00,0,0
1180,23/11/2018 , 05:40:00,0,0
1181,23/11/2018 , 05:41:00,0,0
1182,23/11/2018 , 05:42:00,0,0
1183,23/11/2018 , 05:43:00,0,0
1184,23/11/2018 , 05:44:00,0,0
1185,23/11/2018 , 05:45:00,0,0
1186,23/11/2018 , 05:46:00,0,0
1187,23/11/2018 , 05:47:00,0,0
1188,23/11/2018 , 05:48:00,0,0
1189,23/11/2018 , 05:49:00,0,0
1190,23/11/2018 , 05:50:00,0,0
1191,23/11/2018 , 05:51:00,0,0
1192,23/11/2018 , 05:52:00,0,0
1193,23/11/2018 , 05:53:00,0,0
1194,23/11/2018 , 05:54:00,0,0
1195,23/11/2018 , 05:55:00,0,0
1196,23/11/2018 , 05:56:00,0,0
1197,23/11/2018 , 05:57:00,0,0
1198,23/11/2018 , 05:58:00,0,0
1199,23/11/2018 , 05:59:00,0,0
1200,23/11/2018 , 06:00:00,0,0
1201,23/11/2018 , 06:01:00,0,0
1202,23/11/2018 , 06:02:00,0,0
1203,23/11/2018 , 06:03:00,0,0
1204,23/11/2018 , 06:04:00,0,0
1205,23/11/2018 , 06:05:00,0,0
1206,23/11/2018 , 06:06:00,0,0
1207,23/11/2018 , 06:07:00,0,0
1208,23/11/2018 , 06:08:00,0,0
1209,23/11/2018 , 06:09:00,0,0
1210,23/11/2018 , 06:10:00,0,0
1211,23/11/2018 , 06:11:00,0,0
1212,23/11/2018 , 06:12:00,0,0
1213,23/11/2018 , 06:13:00,0,0
1214,23/11/2018 , 06:14:00,0,0
1215,23/11/2018 , 06:15:00,0,0
1216,23/11/2018 , 06:16:00,0,0
1217,23/11/2018 , 06:17:00,0,0
1218,23/11/2018 , 06:18:00,0,0
1219,23/11/2018 , 06:19:00,0,0
1220,23/11/2018 , 06:20:00,0,0
1221,23/11/2018 , 06:21:00,0,0
1222,23/11/2018 , 06:22:00,0,0
1223,23/11/2018 , 06:23:00,0,0
1224,23/11/2018 , 06:24:00,0,0
1225,23/11/2018 , 06:25:00,0,0
1226,23/11/2018 , 06:26:00,1,1
1227,23/11/2018 , 06:27:00,0,0
1228,23/11/2018 , 06:28:00,1,1
1229,23/11/2018 , 06:29:00,1,1
1230,23/11/2018 , 06:30:00,1,1
1231,23/11/2018 , 06:31:00,2,2
1232,23/11/2018 , 06:32:00,1,1
1233,23/11/2018 , 06:33:00,2,2
1234,23/11/2018 , 06:34:00,3,3
1235,23/11/2018 , 06:35:00,3,3
1236,23/11/2018 , 06:36:00,3,3
1237,23/11/2018 , 06:37:00,4,4
1238,23/11/2018 , 06:38:00,4,4
1239,23/11/2018 , 06:39:00,5,5
1240,23/11/2018 , 06:40:00,6,6
1241,23/11/2018 , 06:41:00,6,6
1242,23/11/2018 , 06:42:00,7,7
1243,23/11/2018 , 06:43:00,8,8
1244,23/11/2018 , 06:44:00,8,8
1245,23/11/2018 , 06:45:00,10,10
1246,23/11/2018 , 06:46:00,10,10
1247,23/11/2018 , 06:47:00,12,12
1248,23/11/2018 , 06:48:00,13,13
1249,23/11/2018 , 06:49:00,13,13
1250,23/11/2018 , 06:50:00,15,15
1251,23/11/2018 , 06:51:00,16,16
1252,23/11/2018 , 06:52:00,18,18
1253,23/11/2018 , 06:53:00,19,19
1254,23/11/2018 , 06:54:00,20,20
1255,23/11/2018 , 06:55:00,22,22
1256,23/11/2018 , 06:56:00,23,23
1257,23/11/2018 , 06:57:00,25,25
1258,23/11/2018 , 06:58:00,26,26
1259,23/11/2018 , 06:59:00,28,28
1260,23/11/2018 , 07:00:00,29,29
1261,23/11/2018 , 07:01:00,30,30
1262,23/11/2018 , 07:02:00,32,32
1263,23/11/2018 , 07:03:00,33,33
1264,23/11/2018 , 07:04:00,35,35
1265,23/11/2018 , 07:05:00,37,37
1266,23/11/2018 , 07:06:00,38,38
1267,23/11/2018 , 07:07:00,40,40
1268,23/11/2018 , 07:08:00,41,41
1269,23/11/2018 , 07:09:00,43,43
1270,23/11/2018 , 07:10:00,45,45
1271,23/11/2018 , 07:11:00,46,46
1272,23/11/2018 , 07:12:00,48,48
1273,23/11/2018 , 07:13:00,50,50
1274,23/11/2018 , 07:14:00,50,50
1275,23/11/2018 , 07:15:00,53,53
1276,23/11/2018 , 07:16:00,53,53
1277,23/11/2018 , 07:17:00,55,55
1278,23/11/2018 , 07:18:00,56,56
1279,23/11/2018 , 07:19:00,57,57
1280,23/11/2018 , 07:20:00,58,58
1281,23/11/2018 , 07:21:00,60,60
1282,23/11/2018 , 07:22:00,62,62
1283,23/11/2018 , 07:23:00,63,63
1284,23/11/2018 , 07:24:00,64,64
1285,23/11/2018 , 07:25:00,66,66
1286,23/11/2018 , 07:26:00,69,69
1287,23/11/2018 , 07:27:00,69,69
1288,23/11/2018 , 07:28:00,71,71
1289,23/11/2018 , 07:29:00,73,73
1290,23/11/2018 , 07:30:00,75,75
1291,23/11/2018 , 07:31:00,77,77
1292,23/11/2018 , 07:32:00,79,79
1293,23/11/2018 , 07:33:00,81,81
1294,23/11/2018 , 07:34:00,84,84
1295,23/11/2018 , 07:35:00,84,84
1296,23/11/2018 , 07:36:00,86,86
1297,23/11/2018 , 07:37:00,87,87
1298,23/11/2018 , 07:38:00,91,91
1299,23/11/2018 , 07:39:00,94,94
1300,23/11/2018 , 07:40:00,95,95
1301,23/11/2018 , 07:41:00,96,96
1302,23/11/2018 , 07:42:00,98,98
1303,23/11/2018 , 07:43:00,99,99
1304,23/11/2018 , 07:44:00,104,104
1305,23/11/2018 , 07:45:00,105,105
1306,23/11/2018 , 07:46:00,105,105
1307,23/11/2018 , 07:47:00,105,105
1308,23/11/2018 , 07:48:00,105,105
1309,23/11/2018 , 07:49:00,107,107
1310,23/11/2018 , 07:50:00,108,108
1311,23/11/2018 , 07:51:00,111,111
1312,23/11/2018 , 07:52:00,112,112
1313,23/11/2018 , 07:53:00,115,115
1314,23/11/2018 , 07:54:00,118,118
1315,23/11/2018 , 07:55:00,121,121
1316,23/11/2018 , 07:56:00,123,123
1317,23/11/2018 , 07:57:00,128,128
1318,23/11/2018 , 07:58:00,133,133
1319,23/11/2018 , 07:59:00,138,138
1320,23/11/2018 , 08:00:00,145,145
1321,23/11/2018 , 08:01:00,151,151
1322,23/11/2018 , 08:02:00,155,155
1323,23/11/2018 , 08:03:00,155,155
1324,23/11/2018 , 08:04:00,159,159
1325,23/11/2018 , 08:05:00,157,157
1326,23/11/2018 , 08:06:00,151,151
1327,23/11/2018 , 08:07:00,136,136
1328,23/11/2018 , 08:08:00,130,130
1329,23/11/2018 , 08:09:00,128,128
1330,23/11/2018 , 08:10:00,134,134
1331,23/11/2018 , 08:11:00,137,137
1332,23/11/2018 , 08:12:00,137,137
1333,23/11/2018 , 08:13:00,136,136
1334,23/11/2018 , 08:14:00,139,139
1335,23/11/2018 , 08:15:00,138,138
1336,23/11/2018 , 08:16:00,136,136
1337,23/11/2018 , 08:17:00,142,142
1338,23/11/2018 , 08:18:00,145,145
1339,23/11/2018 , 08:19:00,150,150
1340,23/11/2018 , 08:20:00,157,157
1341,23/11/2018 , 08:21:00,169,169
1342,23/11/2018 , 08:22:00,173,173
1343,23/11/2018 , 08:23:00,174,174
1344,23/11/2018 , 08:24:00,180,180
1345,23/11/2018 , 08:25:00,186,186
1346,23/11/2018 , 08:26:00,205,205
1347,23/11/2018 , 08:27:00,221,221
1348,23/11/2018 , 08:28:00,231,231
1349,23/11/2018 , 08:29:00,238,238
1350,23/11/2018 , 08:30:00,255,255
1351,23/11/2018 , 08:31:00,265,265
1352,23/11/2018 , 08:32:00,272,272
1353,23/11/2018 , 08:33:00,278,278
1354,23/11/2018 , 08:34:00,295,295
1355,23/11/2018 , 08:35:00,299,299
1356,23/11/2018 , 08:36:00,308,308
1357,23/11/2018 , 08:37:00,600,600
1358,23/11/2018 , 08:38:00,278,278
1359,23/11/2018 , 08:39:00,173,173
1360,23/11/2018 , 08:40:00,226,226
1361,23/11/2018 , 08:41:00,112,112
1362,23/11/2018 , 08:42:00,83,83
1363,23/11/2018 , 08:43:00,309,309
1364,23/11/2018 , 08:44:00,590,590
1365,23/11/2018 , 08:45:00,538,538
1366,23/11/2018 , 08:46:00,163,163
1367,23/11/2018 , 08:47:00,152,152
1368,23/11/2018 , 08:48:00,157,157
1369,23/11/2018 , 08:49:00,160,160
1370,23/11/2018 , 08:50:00,158,158
1371,23/11/2018 , 08:51:00,169,169
1372,23/11/2018 , 08:52:00,98,98
1373,23/11/2018 , 08:53:00,110,110
1374,23/11/2018 , 08:54:00,114,114
1375,23/11/2018 , 08:55:00,108,108
1376,23/11/2018 , 08:56:00,107,107
1377,23/11/2018 , 08:57:00,96,96
1378,23/11/2018 , 08:58:00,82,82
1379,23/11/2018 , 08:59:00,69,69
1380,23/11/2018 , 09:00:00,77,77
1381,23/11/2018 , 09:01:00,82,82
1382,23/11/2018 , 09:02:00,79,79
1383,23/11/2018 , 09:03:00,81,81
1384,23/11/2018 , 09:04:00,74,74
1385,23/11/2018 , 09:05:00,72,72
1386,23/11/2018 , 09:06:00,68,68
1387,23/11/2018 , 09:07:00,79,79
1388,23/11/2018 , 09:08:00,89,89
1389,23/11/2018 , 09:09:00,87,87
1390,23/11/2018 , 09:10:00,82,82
1391,23/11/2018 , 09:11:00,82,82
1392,23/11/2018 , 09:12:00,84,84
1393,23/11/2018 , 09:13:00,86,86
1394,23/11/2018 , 09:14:00,77,77
1395,23/11/2018 , 09:15:00,74,74
1396,23/11/2018 , 09:16:00,97,97
1397,23/11/2018 , 09:17:00,103,103
1398,23/11/2018 , 09:18:00,111,111
1399,23/11/2018 , 09:19:00,130,130
1400,23/11/2018 , 09:20:00,140,140
1401,23/11/2018 , 09:21:00,118,118
1402,23/11/2018 , 09:22:00,103,103
1403,23/11/2018 , 09:23:00,82,82
1404,23/11/2018 , 09:24:00,71,71
1405,23/11/2018 , 09:25:00,77,77
1406,23/11/2018 , 09:26:00,94,94
1407,23/11/2018 , 09:27:00,123,123
1408,23/11/2018 , 09:28:00,132,132
1409,23/11/2018 , 09:29:00,141,141
1410,23/11/2018 , 09:30:00,151,151
1411,23/11/2018 , 09:31:00,127,127
1412,23/11/2018 , 09:32:00,100,100
1413,23/11/2018 , 09:33:00,88,88
1414,23/11/2018 , 09:34:00,68,68
1415,23/11/2018 , 09:35:00,77,77
1416,23/11/2018 , 09:36:00,99,99
1417,23/11/2018 , 09:37:00,123,123
1418,23/11/2018 , 09:38:00,112,112
1419,23/11/2018 , 09:39:00,114,114
1420,23/11/2018 , 09:40:00,85,85
1421,23/11/2018 , 09:41:00,101,101
1422,23/11/2018 , 09:42:00,110,110
1423,23/11/2018 , 09:43:00,104,104
1424,23/11/2018 , 09:44:00,103,103
1425,23/11/2018 , 09:45:00,109,109
1426,23/11/2018 , 09:46:00,121,121
1427,23/11/2018 , 09:47:00,121,121
1428,23/11/2018 , 09:48:00,116,116
1429,23/11/2018 , 09:49:00,114,114
1430,23/11/2018 , 09:50:00,99,99
1431,23/11/2018 , 09:51:00,74,74
1432,23/11/2018 , 09:52:00,148,148
1433,23/11/2018 , 09:53:00,156,156
1434,23/11/2018 , 09:54:00,169,169
1435,23/11/2018 , 09:55:00,122,122
1436,23/11/2018 , 09:56:00,127,127
1437,23/11/2018 , 09:57:00,162,162
1438,23/11/2018 , 09:58:00,242,242
1439,23/11/2018 , 09:59:00,219,219
1440,23/11/2018 , 10:00:00,207,207
1441,23/11/2018 , 10:01:00,211,211
1442,23/11/2018 , 10:02:00,183,183
1443,23/11/2018 , 10:03:00,213,213
1444,23/11/2018 , 10:04:00,107,107
1445,23/11/2018 , 10:05:00,95,95
1446,23/11/2018 , 10:06:00,88,88
1447,23/11/2018 , 10:07:00,102,102
1448,23/11/2018 , 10:08:00,107,107
1449,23/11/2018 , 10:09:00,193,193
1450,23/11/2018 , 10:10:00,199,199
1451,23/11/2018 , 10:11:00,321,321
1452,23/11/2018 , 10:12:00,307,307
1453,23/11/2018 , 10:13:00,290,290
1454,23/11/2018 , 10:14:00,278,278
1455,23/11/2018 , 10:15:00,269,269
1456,23/11/2018 , 10:16:00,269,269
1457,23/11/2018 , 10:17:00,284,284
1458,23/11/2018 , 10:18:00,280,280
1459,23/11/2018 , 10:19:00,277,277
1460,23/11/2018 , 10:20:00,206,206
1461,23/11/2018 , 10:21:00,269,269
1462,23/11/2018 , 10:22:00,286,286
1463,23/11/2018 , 10:23:00,295,295
1464,23/11/2018 , 10:24:00,300,300
1465,23/11/2018 , 10:25:00,303,303
1466,23/11/2018 , 10:26:00,307,307
1467,23/11/2018 , 10:27:00,305,305
1468,23/11/2018 , 10:28:00,307,307
1469,23/11/2018 , 10:29:00,239,239
1470,23/11/2018 , 10:30:00,227,227
1471,23/11/2018 , 10:31:00,315,315
1472,23/11/2018 , 10:32:00,316,316
1473,23/11/2018 , 10:33:00,322,322
1474,23/11/2018 , 10:34:00,327,327
1475,23/11/2018 , 10:35:00,332,332
1476,23/11/2018 , 10:36:00,338,338
1477,23/11/2018 , 10:37:00,348,348
1478,23/11/2018 , 10:38:00,358,358
1479,23/11/2018 , 10:39:00,344,344
1480,23/11/2018 , 10:40:00,402,402
1481,23/11/2018 , 10:41:00,409,409
1482,23/11/2018 , 10:42:00,383,383
1483,23/11/2018 , 10:43:00,369,369
1484,23/11/2018 , 10:44:00,377,377
1485,23/11/2018 , 10:45:00,388,388
1486,23/11/2018 , 10:46:00,399,399
1487,23/11/2018 , 10:47:00,396,396
1488,23/11/2018 , 10:48:00,390,390
1489,23/11/2018 , 10:49:00,394,394
1490,23/11/2018 , 10:50:00,400,400
1491,23/11/2018 , 10:51:00,416,416
1492,23/11/2018 , 10:52:00,397,397
1493,23/11/2018 , 10:53:00,328,328
1494,23/11/2018 , 10:54:00,455,455
1495,23/11/2018 , 10:55:00,330,330
1496,23/11/2018 , 10:56:00,447,447
1497,23/11/2018 , 10:57:00,428,428
1498,23/11/2018 , 10:58:00,432,432
1499,23/11/2018 , 10:59:00,363,363
1500,23/11/2018 , 11:00:00,387,387
1501,23/11/2018 , 11:01:00,444,444
1502,23/11/2018 , 11:02:00,463,463
1503,23/11/2018 , 11:03:00,496,496
1504,23/11/2018 , 11:04:00,521,521
1505,23/11/2018 , 11:05:00,520,520
1506,23/11/2018 , 11:06:00,513,513
1507,23/11/2018 , 11:07:00,496,496
1508,23/11/2018 , 11:08:00,482,482
1509,23/11/2018 , 11:09:00,469,469
1510,23/11/2018 , 11:10:00,466,466
1511,23/11/2018 , 11:11:00,470,470
1512,23/11/2018 , 11:12:00,476,476
1513,23/11/2018 , 11:13:00,482,482
1514,23/11/2018 , 11:14:00,490,490
1515,23/11/2018 , 11:15:00,401,401
1516,23/11/2018 , 11:16:00,318,318
1517,23/11/2018 , 11:17:00,512,512
1518,23/11/2018 , 11:18:00,552,552
1519,23/11/2018 , 11:19:00,559,559
1520,23/11/2018 , 11:20:00,534,534
1521,23/11/2018 , 11:21:00,517,517
1522,23/11/2018 , 11:22:00,526,526
1523,23/11/2018 , 11:23:00,406,406
1524,23/11/2018 , 11:24:00,455,455
1525,23/11/2018 , 11:25:00,532,532
1526,23/11/2018 , 11:26:00,517,517
1527,23/11/2018 , 11:27:00,539,539
1528,23/11/2018 , 11:28:00,545,545
1529,23/11/2018 , 11:29:00,434,434
1530,23/11/2018 , 11:30:00,115,115
1531,23/11/2018 , 11:31:00,283,283
1532,23/11/2018 , 11:32:00,371,371
1533,23/11/2018 , 11:33:00,607,607
1534,23/11/2018 , 11:34:00,581,581
1535,23/11/2018 , 11:35:00,575,575
1536,23/11/2018 , 11:36:00,314,314
1537,23/11/2018 , 11:37:00,508,508
1538,23/11/2018 , 11:38:00,561,561
1539,23/11/2018 , 11:39:00,551,551
1540,23/11/2018 , 11:40:00,572,572
1541,23/11/2018 , 11:41:00,577,577
1542,23/11/2018 , 11:42:00,589,589
1543,23/11/2018 , 11:43:00,581,581
1544,23/11/2018 , 11:44:00,585,585
1545,23/11/2018 , 11:45:00,588,588
1546,23/11/2018 , 11:46:00,587,587
1547,23/11/2018 , 11:47:00,590,590
1548,23/11/2018 , 11:48:00,591,591
1549,23/11/2018 , 11:49:00,592,592
1550,23/11/2018 , 11:50:00,592,592
1551,23/11/2018 , 11:51:00,595,595
1552,23/11/2018 , 11:52:00,598,598
1553,23/11/2018 , 11:53:00,601,601
1554,23/11/2018 , 11:54:00,606,606
1555,23/11/2018 , 11:55:00,616,616
1556,23/11/2018 , 11:56:00,628,628
1557,23/11/2018 , 11:57:00,621,621
1558,23/11/2018 , 11:58:00,617,617
1559,23/11/2018 , 11:59:00,613,613
1560,23/11/2018 , 12:00:00,624,624
1561,23/11/2018 , 12:01:00,625,625
1562,23/11/2018 , 12:02:00,620,620
1563,23/11/2018 , 12:03:00,622,622
1564,23/11/2018 , 12:04:00,626,626
1565,23/11/2018 , 12:05:00,629,629
1566,23/11/2018 , 12:06:00,640,640
1567,23/11/2018 , 12:07:00,651,651
1568,23/11/2018 , 12:08:00,646,646
1569,23/11/2018 , 12:09:00,628,628
1570,23/11/2018 , 12:10:00,646,646
1571,23/11/2018 , 12:11:00,647,647
1572,23/11/2018 , 12:12:00,649,649
1573,23/11/2018 , 12:13:00,654,654
1574,23/11/2018 , 12:14:00,659,659
1575,23/11/2018 , 12:15:00,661,661
1576,23/11/2018 , 12:16:00,665,665
1577,23/11/2018 , 12:17:00,667,667
1578,23/11/2018 , 12:18:00,666,666
1579,23/11/2018 , 12:19:00,668,668
1580,23/11/2018 , 12:20:00,671,671
1581,23/11/2018 , 12:21:00,676,676
1582,23/11/2018 , 12:22:00,670,670
1583,23/11/2018 , 12:23:00,670,670
1584,23/11/2018 , 12:24:00,678,678
1585,23/11/2018 , 12:25:00,685,685
1586,23/11/2018 , 12:26:00,679,679
1587,23/11/2018 , 12:27:00,679,679
1588,23/11/2018 , 12:28:00,685,685
1589,23/11/2018 , 12:29:00,689,689
1590,23/11/2018 , 12:30:00,689,689
1591,23/11/2018 , 12:31:00,691,691
1592,23/11/2018 , 12:32:00,696,696
1593,23/11/2018 , 12:33:00,694,694
1594,23/11/2018 , 12:34:00,700,700
1595,23/11/2018 , 12:35:00,703,703
1596,23/11/2018 , 12:36:00,709,709
1597,23/11/2018 , 12:37:00,716,716
1598,23/11/2018 , 12:38:00,685,685
1599,23/11/2018 , 12:39:00,616,616
1600,23/11/2018 , 12:40:00,682,682
1601,23/11/2018 , 12:41:00,724,724
1602,23/11/2018 , 12:42:00,741,741
1603,23/11/2018 , 12:43:00,765,765
1604,23/11/2018 , 12:44:00,753,753
1605,23/11/2018 , 12:45:00,733,733
1606,23/11/2018 , 12:46:00,732,732
1607,23/11/2018 , 12:47:00,746,746
1608,23/11/2018 , 12:48:00,734,734
1609,23/11/2018 , 12:49:00,745,745
1610,23/11/2018 , 12:50:00,746,746
1611,23/11/2018 , 12:51:00,742,742
1612,23/11/2018 , 12:52:00,743,743
1613,23/11/2018 , 12:53:00,748,748
1614,23/11/2018 , 12:54:00,765,765
1615,23/11/2018 , 12:55:00,784,784
1616,23/11/2018 , 12:56:00,731,731
1617,23/11/2018 , 12:57:00,785,785
1618,23/11/2018 , 12:58:00,779,779
1619,23/11/2018 , 12:59:00,785,785
1620,23/11/2018 , 13:00:00,775,775
1621,23/11/2018 , 13:01:00,547,547
1622,23/11/2018 , 13:02:00,779,779
1623,23/11/2018 , 13:03:00,764,764
1624,23/11/2018 , 13:04:00,782,782
1625,23/11/2018 , 13:05:00,784,784
1626,23/11/2018 , 13:06:00,778,778
1627,23/11/2018 , 13:07:00,624,624
1628,23/11/2018 , 13:08:00,588,588
1629,23/11/2018 , 13:09:00,633,633
1630,23/11/2018 , 13:10:00,430,430
1631,23/11/2018 , 13:11:00,363,363
1632,23/11/2018 , 13:12:00,199,199
1633,23/11/2018 , 13:13:00,161,161
1634,23/11/2018 , 13:14:00,760,760
1635,23/11/2018 , 13:15:00,830,830
1636,23/11/2018 , 13:16:00,712,712
1637,23/11/2018 , 13:17:00,837,837
1638,23/11/2018 , 13:18:00,760,760
1639,23/11/2018 , 13:19:00,838,838
1640,23/11/2018 , 13:20:00,709,709
1641,23/11/2018 , 13:21:00,590,590
1642,23/11/2018 , 13:22:00,804,804
1643,23/11/2018 , 13:23:00,807,807
1644,23/11/2018 , 13:24:00,817,817
1645,23/11/2018 , 13:25:00,819,819
1646,23/11/2018 , 13:26:00,811,811
1647,23/11/2018 , 13:27:00,805,805
1648,23/11/2018 , 13:28:00,804,804
1649,23/11/2018 , 13:29:00,815,815
1650,23/11/2018 , 13:30:00,836,836
1651,23/11/2018 , 13:31:00,791,791
1652,23/11/2018 , 13:32:00,877,877
1653,23/11/2018 , 13:33:00,881,881
1654,23/11/2018 , 13:34:00,866,866
1655,23/11/2018 , 13:35:00,857,857
1656,23/11/2018 , 13:36:00,857,857
1657,23/11/2018 , 13:37:00,447,447
1658,23/11/2018 , 13:38:00,834,834
1659,23/11/2018 , 13:39:00,719,719
1660,23/11/2018 , 13:40:00,826,826
1661,23/11/2018 , 13:41:00,879,879
1662,23/11/2018 , 13:42:00,821,821
1663,23/11/2018 , 13:43:00,866,866
1664,23/11/2018 , 13:44:00,782,782
1665,23/11/2018 , 13:45:00,761,761
1666,23/11/2018 , 13:46:00,689,689
1667,23/11/2018 , 13:47:00,657,657
1668,23/11/2018 , 13:48:00,672,672
1669,23/11/2018 , 13:49:00,790,790
1670,23/11/2018 , 13:50:00,816,816
1671,23/11/2018 , 13:51:00,209,209
1672,23/11/2018 , 13:52:00,802,802
1673,23/11/2018 , 13:53:00,548,548
1674,23/11/2018 , 13:54:00,255,255
1675,23/11/2018 , 13:55:00,705,705
1676,23/11/2018 , 13:56:00,826,826
1677,23/11/2018 , 13:57:00,834,834
1678,23/11/2018 , 13:58:00,840,840
1679,23/11/2018 , 13:59:00,757,757
1680,23/11/2018 , 14:00:00,205,205
1681,23/11/2018 , 14:01:00,244,244
1682,23/11/2018 , 14:02:00,794,794
1683,23/11/2018 , 14:03:00,804,804
1684,23/11/2018 , 14:04:00,815,815
1685,23/11/2018 , 14:05:00,665,665
1686,23/11/2018 , 14:06:00,654,654
1687,23/11/2018 , 14:07:00,233,233
1688,23/11/2018 , 14:08:00,334,334
1689,23/11/2018 , 14:09:00,795,795
1690,23/11/2018 , 14:10:00,842,842
1691,23/11/2018 , 14:11:00,832,832
1692,23/11/2018 , 14:12:00,240,240
1693,23/11/2018 , 14:13:00,247,247
1694,23/11/2018 , 14:14:00,755,755
1695,23/11/2018 , 14:15:00,811,811
1696,23/11/2018 , 14:16:00,819,819
1697,23/11/2018 , 14:17:00,644,644
1698,23/11/2018 , 14:18:00,236,236
1699,23/11/2018 , 14:19:00,172,172
1700,23/11/2018 , 14:20:00,273,273
1701,23/11/2018 , 14:21:00,180,180
1702,23/11/2018 , 14:22:00,304,304
1703,23/11/2018 , 14:23:00,725,725
1704,23/11/2018 , 14:24:00,743,743
1705,23/11/2018 , 14:25:00,343,343
1706,23/11/2018 , 14:26:00,317,317
1707,23/11/2018 , 14:27:00,583,583
1708,23/11/2018 , 14:28:00,228,228
1709,23/11/2018 , 14:29:00,385,385
1710,23/11/2018 , 14:30:00,196,196
1711,23/11/2018 , 14:31:00,212,212
1712,23/11/2018 , 14:32:00,372,372
1713,23/11/2018 , 14:33:00,260,260
1714,23/11/2018 , 14:34:00,400,400
1715,23/11/2018 , 14:35:00,708,708
1716,23/11/2018 , 14:36:00,554,554
1717,23/11/2018 , 14:37:00,682,682
1718,23/11/2018 , 14:38:00,647,647
1719,23/11/2018 , 14:39:00,214,214
1720,23/11/2018 , 14:40:00,149,149
1721,23/11/2018 , 14:41:00,173,173
1722,23/11/2018 , 14:42:00,550,550
1723,23/11/2018 , 14:43:00,504,504
1724,23/11/2018 , 14:44:00,233,233
1725,23/11/2018 , 14:45:00,692,692
1726,23/11/2018 , 14:46:00,690,690
1727,23/11/2018 , 14:47:00,699,699
1728,23/11/2018 , 14:48:00,662,662
1729,23/11/2018 , 14:49:00,705,705
1730,23/11/2018 , 14:50:00,721,721
1731,23/11/2018 , 14:51:00,695,695
1732,23/11/2018 , 14:52:00,716,716
1733,23/11/2018 , 14:53:00,578,578
1734,23/11/2018 , 14:54:00,262,262
1735,23/11/2018 , 14:55:00,481,481
1736,23/11/2018 , 14:56:00,445,445
1737,23/11/2018 , 14:57:00,271,271
1738,23/11/2018 , 14:58:00,123,123
1739,23/11/2018 , 14:59:00,105,105
1740,23/11/2018 , 15:00:00,107,107
1741,23/11/2018 , 15:01:00,278,278
1742,23/11/2018 , 15:02:00,649,649
1743,23/11/2018 , 15:03:00,644,644
1744,23/11/2018 , 15:04:00,374,374
1745,23/11/2018 , 15:05:00,482,482
1746,23/11/2018 , 15:06:00,590,590
1747,23/11/2018 , 15:07:00,586,586
1748,23/11/2018 , 15:08:00,592,592
1749,23/11/2018 , 15:09:00,604,604
1750,23/11/2018 , 15:10:00,604,604
1751,23/11/2018 , 15:11:00,595,595
1752,23/11/2018 , 15:12:00,567,567
1753,23/11/2018 , 15:13:00,556,556
1754,23/11/2018 , 15:14:00,561,561
1755,23/11/2018 , 15:15:00,573,573
1756,23/11/2018 , 15:16:00,564,564
1757,23/11/2018 , 15:17:00,532,532
1758,23/11/2018 , 15:18:00,571,571
1759,23/11/2018 , 15:19:00,593,593
1760,23/11/2018 , 15:20:00,501,501
1761,23/11/2018 , 15:21:00,556,556
1762,23/11/2018 , 15:22:00,362,362
1763,23/11/2018 , 15:23:00,319,319
1764,23/11/2018 , 15:24:00,204,204
1765,23/11/2018 , 15:25:00,97,97
1766,23/11/2018 , 15:26:00,90,90
1767,23/11/2018 , 15:27:00,182,182
1768,23/11/2018 , 15:28:00,471,471
1769,23/11/2018 , 15:29:00,420,420
1770,23/11/2018 , 15:30:00,442,442
1771,23/11/2018 , 15:31:00,193,193
1772,23/11/2018 , 15:32:00,347,347
1773,23/11/2018 , 15:33:00,307,307
1774,23/11/2018 , 15:34:00,180,180
1775,23/11/2018 , 15:35:00,401,401
1776,23/11/2018 , 15:36:00,425,425
1777,23/11/2018 , 15:37:00,452,452
1778,23/11/2018 , 15:38:00,451,451
1779,23/11/2018 , 15:39:00,451,451
1780,23/11/2018 , 15:40:00,457,457
1781,23/11/2018 , 15:41:00,282,282
1782,23/11/2018 , 15:42:00,152,152
1783,23/11/2018 , 15:43:00,148,148
1784,23/11/2018 , 15:44:00,150,150
1785,23/11/2018 , 15:45:00,395,395
1786,23/11/2018 , 15:46:00,434,434
1787,23/11/2018 , 15:47:00,445,445
1788,23/11/2018 , 15:48:00,416,416
1789,23/11/2018 , 15:49:00,349,349
1790,23/11/2018 , 15:50:00,193,193
1791,23/11/2018 , 15:51:00,258,258
1792,23/11/2018 , 15:52:00,405,405
1793,23/11/2018 , 15:53:00,383,383
1794,23/11/2018 , 15:54:00,368,368
1795,23/11/2018 , 15:55:00,190,190
1796,23/11/2018 , 15:56:00,106,106
1797,23/11/2018 , 15:57:00,234,234
1798,23/11/2018 , 15:58:00,124,124
1799,23/11/2018 , 15:59:00,135,135
1800,23/11/2018 , 16:00:00,140,140
1801,23/11/2018 , 16:01:00,218,218
1802,23/11/2018 , 16:02:00,356,356
1803,23/11/2018 , 16:03:00,220,220
1804,23/11/2018 , 16:04:00,286,286
1805,23/11/2018 , 16:05:00,183,183
1806,23/11/2018 , 16:06:00,67,67
1807,23/11/2018 , 16:07:00,62,62
1808,23/11/2018 , 16:08:00,75,75
1809,23/11/2018 , 16:09:00,187,187
1810,23/11/2018 , 16:10:00,278,278
1811,23/11/2018 , 16:11:00,220,220
1812,23/11/2018 , 16:12:00,103,103
1813,23/11/2018 , 16:13:00,252,252
1814,23/11/2018 , 16:14:00,403,403
1815,23/11/2018 , 16:15:00,316,316
1816,23/11/2018 , 16:16:00,85,85
1817,23/11/2018 , 16:17:00,44,44
1818,23/11/2018 , 16:18:00,46,46
1819,23/11/2018 , 16:19:00,59,59
1820,23/11/2018 , 16:20:00,74,74
1821,23/11/2018 , 16:21:00,158,158
1822,23/11/2018 , 16:22:00,142,142
1823,23/11/2018 , 16:23:00,126,126
1824,23/11/2018 , 16:24:00,78,78
1825,23/11/2018 , 16:25:00,101,101
1826,23/11/2018 , 16:26:00,76,76
1827,23/11/2018 , 16:27:00,57,57
1828,23/11/2018 , 16:28:00,60,60
1829,23/11/2018 , 16:29:00,70,70
1830,23/11/2018 , 16:30:00,63,63
1831,23/11/2018 , 16:31:00,59,59
1832,23/11/2018 , 16:32:00,58,58
1833,23/11/2018 , 16:33:00,53,53
1834,23/11/2018 , 16:34:00,46,46
1835,23/11/2018 , 16:35:00,43,43
1836,23/11/2018 , 16:36:00,45,45
1837,23/11/2018 , 16:37:00,45,45
1838,23/11/2018 , 16:38:00,45,45
1839,23/11/2018 , 16:39:00,45,45
1840,23/11/2018 , 16:40:00,45,45
1841,23/11/2018 , 16:41:00,47,47
1842,23/11/2018 , 16:42:00,48,48
1843,23/11/2018 , 16:43:00,48,48
1844,23/11/2018 , 16:44:00,47,47
1845,23/11/2018 , 16:45:00,45,45
1846,23/11/2018 , 16:46:00,47,47
1847,23/11/2018 , 16:47:00,55,55
1848,23/11/2018 , 16:48:00,65,65
1849,23/11/2018 , 16:49:00,69,69
1850,23/11/2018 , 16:50:00,67,67
1851,23/11/2018 , 16:51:00,60,60
1852,23/11/2018 , 16:52:00,52,52
1853,23/11/2018 , 16:53:00,50,50
1854,23/11/2018 , 16:54:00,46,46
1855,23/11/2018 , 16:55:00,45,45
1856,23/11/2018 , 16:56:00,40,40
1857,23/11/2018 , 16:57:00,41,41
1858,23/11/2018 , 16:58:00,49,49
1859,23/11/2018 , 16:59:00,59,59
1860,23/11/2018 , 17:00:00,61,61
1861,23/11/2018 , 17:01:00,80,80
1862,23/11/2018 , 17:02:00,98,98
1863,23/11/2018 , 17:03:00,2,2
1864,23/11/2018 , 17:04:00,1,1
1865,23/11/2018 , 17:05:00,6,6
1866,23/11/2018 , 17:06:00,1,1
1867,23/11/2018 , 17:07:00,1,1
1868,23/11/2018 , 17:08:00,1,1
1869,23/11/2018 , 17:09:00,2,2
1870,23/11/2018 , 17:10:00,7,7
