Site Name ,OUTSIDE2211
Site Number ,1
Logger ,Integrating Light Sensor
Logger Serial Number ,4608


Scan No ,Date and Time,       Integrating Light,        ,
        ,        ,RAW VALUE ,CALIBRATED VALUE,

1,22/11/2018 , 10:01:00,1521,1521
2,22/11/2018 , 10:02:00,1618,1618
3,22/11/2018 , 10:03:00,2016,2016
4,22/11/2018 , 10:04:00,2505,2505
5,22/11/2018 , 10:05:00,2624,2624
6,22/11/2018 , 10:06:00,3003,3003
7,22/11/2018 , 10:07:00,2084,2084
8,22/11/2018 , 10:08:00,1900,1900
9,22/11/2018 , 10:09:00,2074,2074
10,22/11/2018 , 10:10:00,2571,2571
11,22/11/2018 , 10:11:00,985,985
12,22/11/2018 , 10:12:00,2230,2230
13,22/11/2018 , 10:13:00,2099,2099
14,22/11/2018 , 10:14:00,1384,1384
15,22/11/2018 , 10:15:00,578,578
16,22/11/2018 , 10:16:00,519,519
17,22/11/2018 , 10:17:00,569,569
18,22/11/2018 , 10:18:00,619,619
19,22/11/2018 , 10:19:00,423,423
20,22/11/2018 , 10:20:00,512,512
21,22/11/2018 , 10:21:00,2123,2123
22,22/11/2018 , 10:22:00,2142,2142
23,22/11/2018 , 10:23:00,1574,1574
24,22/11/2018 , 10:24:00,1024,1024
25,22/11/2018 , 10:25:00,1704,1704
26,22/11/2018 , 10:26:00,1789,1789
27,22/11/2018 , 10:27:00,1382,1382
28,22/11/2018 , 10:28:00,1596,1596
29,22/11/2018 , 10:29:00,1489,1489
30,22/11/2018 , 10:30:00,725,725
31,22/11/2018 , 10:31:00,1152,1152
32,22/11/2018 , 10:32:00,3083,3083
33,22/11/2018 , 10:33:00,2762,2762
34,22/11/2018 , 10:34:00,2414,2414
35,22/11/2018 , 10:35:00,1948,1948
36,22/11/2018 , 10:36:00,2490,2490
37,22/11/2018 , 10:37:00,2041,2041
38,22/11/2018 , 10:38:00,3304,3304
39,22/11/2018 , 10:39:00,3142,3142
40,22/11/2018 , 10:40:00,1949,1949
41,22/11/2018 , 10:41:00,1933,1933
42,22/11/2018 , 10:42:00,1129,1129
43,22/11/2018 , 10:43:00,1109,1109
44,22/11/2018 , 10:44:00,1326,1326
45,22/11/2018 , 10:45:00,1216,1216
46,22/11/2018 , 10:46:00,1344,1344
47,22/11/2018 , 10:47:00,1298,1298
48,22/11/2018 , 10:48:00,1281,1281
49,22/11/2018 , 10:49:00,1495,1495
50,22/11/2018 , 10:50:00,2026,2026
51,22/11/2018 , 10:51:00,2709,2709
52,22/11/2018 , 10:52:00,2702,2702
53,22/11/2018 , 10:53:00,2982,2982
54,22/11/2018 , 10:54:00,3233,3233
55,22/11/2018 , 10:55:00,3286,3286
56,22/11/2018 , 10:56:00,3044,3044
57,22/11/2018 , 10:57:00,2739,2739
58,22/11/2018 , 10:58:00,2206,2206
59,22/11/2018 , 10:59:00,2187,2187
60,22/11/2018 , 11:00:00,2777,2777
61,22/11/2018 , 11:01:00,1967,1967
62,22/11/2018 , 11:02:00,1789,1789
63,22/11/2018 , 11:03:00,1450,1450
64,22/11/2018 , 11:04:00,1421,1421
65,22/11/2018 , 11:05:00,2147,2147
66,22/11/2018 , 11:06:00,1949,1949
67,22/11/2018 , 11:07:00,1691,1691
68,22/11/2018 , 11:08:00,1683,1683
69,22/11/2018 , 11:09:00,2314,2314
70,22/11/2018 , 11:10:00,2513,2513
71,22/11/2018 , 11:11:00,2978,2978
72,22/11/2018 , 11:12:00,3254,3254
73,22/11/2018 , 11:13:00,3139,3139
74,22/11/2018 , 11:14:00,3286,3286
75,22/11/2018 , 11:15:00,3006,3006
76,22/11/2018 , 11:16:00,1497,1497
77,22/11/2018 , 11:17:00,1491,1491
78,22/11/2018 , 11:18:00,1716,1716
79,22/11/2018 , 11:19:00,2587,2587
80,22/11/2018 , 11:20:00,3152,3152
81,22/11/2018 , 11:21:00,3067,3067
82,22/11/2018 , 11:22:00,3026,3026
83,22/11/2018 , 11:23:00,3010,3010
84,22/11/2018 , 11:24:00,2987,2987
85,22/11/2018 , 11:25:00,2988,2988
86,22/11/2018 , 11:26:00,3006,3006
87,22/11/2018 , 11:27:00,3019,3019
88,22/11/2018 , 11:28:00,3039,3039
89,22/11/2018 , 11:29:00,3050,3050
90,22/11/2018 , 11:30:00,3078,3078
91,22/11/2018 , 11:31:00,3084,3084
92,22/11/2018 , 11:32:00,3079,3079
93,22/11/2018 , 11:33:00,3094,3094
94,22/11/2018 , 11:34:00,3074,3074
95,22/11/2018 , 11:35:00,3084,3084
96,22/11/2018 , 11:36:00,3103,3103
97,22/11/2018 , 11:37:00,3085,3085
98,22/11/2018 , 11:38:00,3088,3088
99,22/11/2018 , 11:39:00,3077,3077
100,22/11/2018 , 11:40:00,3035,3035
101,22/11/2018 , 11:41:00,3066,3066
102,22/11/2018 , 11:42:00,3112,3112
103,22/11/2018 , 11:43:00,3119,3119
104,22/11/2018 , 11:44:00,3131,3131
105,22/11/2018 , 11:45:00,3140,3140
106,22/11/2018 , 11:46:00,3145,3145
107,22/11/2018 , 11:47:00,3138,3138
108,22/11/2018 , 11:48:00,3122,3122
109,22/11/2018 , 11:49:00,3091,3091
110,22/11/2018 , 11:50:00,3089,3089
111,22/11/2018 , 11:51:00,3043,3043
112,22/11/2018 , 11:52:00,3024,3024
113,22/11/2018 , 11:53:00,3039,3039
114,22/11/2018 , 11:54:00,3044,3044
115,22/11/2018 , 11:55:00,3061,3061
116,22/11/2018 , 11:56:00,3055,3055
117,22/11/2018 , 11:57:00,3070,3070
118,22/11/2018 , 11:58:00,3068,3068
119,22/11/2018 , 11:59:00,3054,3054
120,22/11/2018 , 12:00:00,3058,3058
121,22/11/2018 , 12:01:00,3043,3043
122,22/11/2018 , 12:02:00,3058,3058
123,22/11/2018 , 12:03:00,3059,3059
124,22/11/2018 , 12:04:00,3052,3052
125,22/11/2018 , 12:05:00,3026,3026
126,22/11/2018 , 12:06:00,3005,3005
127,22/11/2018 , 12:07:00,3008,3008
128,22/11/2018 , 12:08:00,3001,3001
129,22/11/2018 , 12:09:00,3013,3013
130,22/11/2018 , 12:10:00,3017,3017
131,22/11/2018 , 12:11:00,3018,3018
132,22/11/2018 , 12:12:00,2997,2997
133,22/11/2018 , 12:13:00,3001,3001
134,22/11/2018 , 12:14:00,2964,2964
135,22/11/2018 , 12:15:00,2945,2945
136,22/11/2018 , 12:16:00,2920,2920
137,22/11/2018 , 12:17:00,2881,2881
138,22/11/2018 , 12:18:00,2804,2804
139,22/11/2018 , 12:19:00,2697,2697
140,22/11/2018 , 12:20:00,2660,2660
141,22/11/2018 , 12:21:00,2651,2651
142,22/11/2018 , 12:22:00,2743,2743
143,22/11/2018 , 12:23:00,2724,2724
144,22/11/2018 , 12:24:00,2724,2724
145,22/11/2018 , 12:25:00,2584,2584
146,22/11/2018 , 12:26:00,1914,1914
147,22/11/2018 , 12:27:00,1596,1596
148,22/11/2018 , 12:28:00,1283,1283
149,22/11/2018 , 12:29:00,991,991
150,22/11/2018 , 12:30:00,1221,1221
151,22/11/2018 , 12:31:00,1992,1992
152,22/11/2018 , 12:32:00,2582,2582
153,22/11/2018 , 12:33:00,2336,2336
154,22/11/2018 , 12:34:00,2066,2066
155,22/11/2018 , 12:35:00,1646,1646
156,22/11/2018 , 12:36:00,1455,1455
157,22/11/2018 , 12:37:00,1715,1715
158,22/11/2018 , 12:38:00,1242,1242
159,22/11/2018 , 12:39:00,1019,1019
160,22/11/2018 , 12:40:00,688,688
161,22/11/2018 , 12:41:00,533,533
162,22/11/2018 , 12:42:00,634,634
163,22/11/2018 , 12:43:00,597,597
164,22/11/2018 , 12:44:00,563,563
165,22/11/2018 , 12:45:00,572,572
166,22/11/2018 , 12:46:00,641,641
167,22/11/2018 , 12:47:00,786,786
168,22/11/2018 , 12:48:00,769,769
169,22/11/2018 , 12:49:00,770,770
170,22/11/2018 , 12:50:00,506,506
171,22/11/2018 , 12:51:00,548,548
172,22/11/2018 , 12:52:00,530,530
173,22/11/2018 , 12:53:00,483,483
174,22/11/2018 , 12:54:00,447,447
175,22/11/2018 , 12:55:00,432,432
176,22/11/2018 , 12:56:00,452,452
177,22/11/2018 , 12:57:00,433,433
178,22/11/2018 , 12:58:00,418,418
179,22/11/2018 , 12:59:00,413,413
180,22/11/2018 , 13:00:00,404,404
181,22/11/2018 , 13:01:00,399,399
182,22/11/2018 , 13:02:00,407,407
183,22/11/2018 , 13:03:00,454,454
184,22/11/2018 , 13:04:00,434,434
185,22/11/2018 , 13:05:00,398,398
186,22/11/2018 , 13:06:00,397,397
187,22/11/2018 , 13:07:00,383,383
188,22/11/2018 , 13:08:00,395,395
189,22/11/2018 , 13:09:00,407,407
190,22/11/2018 , 13:10:00,401,401
191,22/11/2018 , 13:11:00,387,387
192,22/11/2018 , 13:12:00,370,370
193,22/11/2018 , 13:13:00,381,381
194,22/11/2018 , 13:14:00,388,388
195,22/11/2018 , 13:15:00,390,390
196,22/11/2018 , 13:16:00,401,401
197,22/11/2018 , 13:17:00,413,413
198,22/11/2018 , 13:18:00,457,457
199,22/11/2018 , 13:19:00,498,498
200,22/11/2018 , 13:20:00,508,508
201,22/11/2018 , 13:21:00,545,545
202,22/11/2018 , 13:22:00,709,709
203,22/11/2018 , 13:23:00,944,944
204,22/11/2018 , 13:24:00,1180,1180
205,22/11/2018 , 13:25:00,1195,1195
206,22/11/2018 , 13:26:00,968,968
207,22/11/2018 , 13:27:00,787,787
208,22/11/2018 , 13:28:00,547,547
209,22/11/2018 , 13:29:00,521,521
210,22/11/2018 , 13:30:00,492,492
211,22/11/2018 , 13:31:00,418,418
212,22/11/2018 , 13:32:00,395,395
213,22/11/2018 , 13:33:00,383,383
214,22/11/2018 , 13:34:00,369,369
215,22/11/2018 , 13:35:00,370,370
216,22/11/2018 , 13:36:00,371,371
217,22/11/2018 , 13:37:00,374,374
218,22/11/2018 , 13:38:00,371,371
219,22/11/2018 , 13:39:00,334,334
220,22/11/2018 , 13:40:00,343,343
221,22/11/2018 , 13:41:00,346,346
222,22/11/2018 , 13:42:00,355,355
223,22/11/2018 , 13:43:00,358,358
224,22/11/2018 , 13:44:00,352,352
225,22/11/2018 , 13:45:00,363,363
226,22/11/2018 , 13:46:00,422,422
227,22/11/2018 , 13:47:00,500,500
228,22/11/2018 , 13:48:00,504,504
229,22/11/2018 , 13:49:00,557,557
230,22/11/2018 , 13:50:00,558,558
231,22/11/2018 , 13:51:00,477,477
232,22/11/2018 , 13:52:00,443,443
233,22/11/2018 , 13:53:00,2333,2333
234,22/11/2018 , 13:54:00,3195,3195
235,22/11/2018 , 13:55:00,3252,3252
236,22/11/2018 , 13:56:00,3281,3281
237,22/11/2018 , 13:57:00,3249,3249
238,22/11/2018 , 13:58:00,3181,3181
239,22/11/2018 , 13:59:00,3202,3202
240,22/11/2018 , 14:00:00,3153,3153
241,22/11/2018 , 14:01:00,3208,3208
242,22/11/2018 , 14:02:00,3240,3240
243,22/11/2018 , 14:03:00,3273,3273
244,22/11/2018 , 14:04:00,3014,3014
245,22/11/2018 , 14:05:00,3233,3233
246,22/11/2018 , 14:06:00,1778,1778
247,22/11/2018 , 14:07:00,2837,2837
248,22/11/2018 , 14:08:00,2976,2976
249,22/11/2018 , 14:09:00,3085,3085
250,22/11/2018 , 14:10:00,3255,3255
251,22/11/2018 , 14:11:00,2762,2762
252,22/11/2018 , 14:12:00,3190,3190
253,22/11/2018 , 14:13:00,3063,3063
254,22/11/2018 , 14:14:00,3082,3082
255,22/11/2018 , 14:15:00,3276,3276
256,22/11/2018 , 14:16:00,2817,2817
257,22/11/2018 , 14:17:00,2564,2564
258,22/11/2018 , 14:18:00,1928,1928
259,22/11/2018 , 14:19:00,1173,1173
260,22/11/2018 , 14:20:00,2677,2677
261,22/11/2018 , 14:21:00,1058,1058
262,22/11/2018 , 14:22:00,1220,1220
263,22/11/2018 , 14:23:00,2246,2246
264,22/11/2018 , 14:24:00,1757,1757
265,22/11/2018 , 14:25:00,1844,1844
266,22/11/2018 , 14:26:00,2729,2729
267,22/11/2018 , 14:27:00,2788,2788
268,22/11/2018 , 14:28:00,2516,2516
269,22/11/2018 , 14:29:00,2688,2688
270,22/11/2018 , 14:30:00,2763,2763
271,22/11/2018 , 14:31:00,2884,2884
272,22/11/2018 , 14:32:00,2574,2574
273,22/11/2018 , 14:33:00,1247,1247
274,22/11/2018 , 14:34:00,972,972
275,22/11/2018 , 14:35:00,2578,2578
276,22/11/2018 , 14:36:00,1806,1806
277,22/11/2018 , 14:37:00,658,658
278,22/11/2018 , 14:38:00,724,724
279,22/11/2018 , 14:39:00,2003,2003
280,22/11/2018 , 14:40:00,641,641
281,22/11/2018 , 14:41:00,1527,1527
282,22/11/2018 , 14:42:00,1436,1436
283,22/11/2018 , 14:43:00,559,559
284,22/11/2018 , 14:44:00,1186,1186
285,22/11/2018 , 14:45:00,2567,2567
286,22/11/2018 , 14:46:00,1697,1697
287,22/11/2018 , 14:47:00,2574,2574
288,22/11/2018 , 14:48:00,2602,2602
289,22/11/2018 , 14:49:00,2595,2595
290,22/11/2018 , 14:50:00,2536,2536
291,22/11/2018 , 14:51:00,2550,2550
292,22/11/2018 , 14:52:00,2602,2602
293,22/11/2018 , 14:53:00,2594,2594
294,22/11/2018 , 14:54:00,2506,2506
295,22/11/2018 , 14:55:00,2583,2583
296,22/11/2018 , 14:56:00,2543,2543
297,22/11/2018 , 14:57:00,2583,2583
298,22/11/2018 , 14:58:00,2603,2603
299,22/11/2018 , 14:59:00,2604,2604
300,22/11/2018 , 15:00:00,2550,2550
301,22/11/2018 , 15:01:00,2456,2456
302,22/11/2018 , 15:02:00,2417,2417
303,22/11/2018 , 15:03:00,2436,2436
304,22/11/2018 , 15:04:00,2503,2503
305,22/11/2018 , 15:05:00,2556,2556
306,22/11/2018 , 15:06:00,2466,2466
307,22/11/2018 , 15:07:00,1906,1906
308,22/11/2018 , 15:08:00,2251,2251
309,22/11/2018 , 15:09:00,2264,2264
310,22/11/2018 , 15:10:00,2245,2245
311,22/11/2018 , 15:11:00,2268,2268
312,22/11/2018 , 15:12:00,2358,2358
313,22/11/2018 , 15:13:00,2352,2352
314,22/11/2018 , 15:14:00,2485,2485
315,22/11/2018 , 15:15:00,2467,2467
316,22/11/2018 , 15:16:00,2490,2490
317,22/11/2018 , 15:17:00,2458,2458
318,22/11/2018 , 15:18:00,1985,1985
319,22/11/2018 , 15:19:00,2159,2159
320,22/11/2018 , 15:20:00,1635,1635
321,22/11/2018 , 15:21:00,2190,2190
322,22/11/2018 , 15:22:00,2173,2173
323,22/11/2018 , 15:23:00,2139,2139
324,22/11/2018 , 15:24:00,2154,2154
325,22/11/2018 , 15:25:00,2105,2105
326,22/11/2018 , 15:26:00,2098,2098
327,22/11/2018 , 15:27:00,2111,2111
328,22/11/2018 , 15:28:00,2150,2150
329,22/11/2018 , 15:29:00,2159,2159
330,22/11/2018 , 15:30:00,2136,2136
331,22/11/2018 , 15:31:00,1160,1160
332,22/11/2018 , 15:32:00,468,468
333,22/11/2018 , 15:33:00,541,541
334,22/11/2018 , 15:34:00,1756,1756
335,22/11/2018 , 15:35:00,2119,2119
336,22/11/2018 , 15:36:00,2137,2137
337,22/11/2018 , 15:37:00,1950,1950
338,22/11/2018 , 15:38:00,2135,2135
339,22/11/2018 , 15:39:00,2133,2133
340,22/11/2018 , 15:40:00,2072,2072
341,22/11/2018 , 15:41:00,1963,1963
342,22/11/2018 , 15:42:00,1919,1919
343,22/11/2018 , 15:43:00,1900,1900
344,22/11/2018 , 15:44:00,1932,1932
345,22/11/2018 , 15:45:00,2007,2007
346,22/11/2018 , 15:46:00,2079,2079
347,22/11/2018 , 15:47:00,2047,2047
348,22/11/2018 , 15:48:00,1973,1973
349,22/11/2018 , 15:49:00,1589,1589
350,22/11/2018 , 15:50:00,1152,1152
351,22/11/2018 , 15:51:00,572,572
352,22/11/2018 , 15:52:00,721,721
353,22/11/2018 , 15:53:00,945,945
354,22/11/2018 , 15:54:00,1638,1638
355,22/11/2018 , 15:55:00,1616,1616
356,22/11/2018 , 15:56:00,1546,1546
357,22/11/2018 , 15:57:00,1554,1554
358,22/11/2018 , 15:58:00,1569,1569
359,22/11/2018 , 15:59:00,1554,1554
360,22/11/2018 , 16:00:00,1535,1535
361,22/11/2018 , 16:01:00,1509,1509
362,22/11/2018 , 16:02:00,1151,1151
363,22/11/2018 , 16:03:00,634,634
364,22/11/2018 , 16:04:00,435,435
365,22/11/2018 , 16:05:00,489,489
366,22/11/2018 , 16:06:00,537,537
367,22/11/2018 , 16:07:00,523,523
368,22/11/2018 , 16:08:00,504,504
369,22/11/2018 , 16:09:00,508,508
370,22/11/2018 , 16:10:00,452,452
371,22/11/2018 , 16:11:00,398,398
372,22/11/2018 , 16:12:00,454,454
373,22/11/2018 , 16:13:00,546,546
374,22/11/2018 , 16:14:00,589,589
375,22/11/2018 , 16:15:00,621,621
376,22/11/2018 , 16:16:00,544,544
377,22/11/2018 , 16:17:00,492,492
378,22/11/2018 , 16:18:00,480,480
379,22/11/2018 , 16:19:00,509,509
380,22/11/2018 , 16:20:00,485,485
381,22/11/2018 , 16:21:00,446,446
382,22/11/2018 , 16:22:00,412,412
383,22/11/2018 , 16:23:00,401,401
384,22/11/2018 , 16:24:00,349,349
385,22/11/2018 , 16:25:00,296,296
386,22/11/2018 , 16:26:00,265,265
387,22/11/2018 , 16:27:00,256,256
388,22/11/2018 , 16:28:00,264,264
389,22/11/2018 , 16:29:00,270,270
390,22/11/2018 , 16:30:00,277,277
391,22/11/2018 , 16:31:00,266,266
392,22/11/2018 , 16:32:00,256,256
393,22/11/2018 , 16:33:00,265,265
394,22/11/2018 , 16:34:00,270,270
395,22/11/2018 , 16:35:00,241,241
396,22/11/2018 , 16:36:00,234,234
397,22/11/2018 , 16:37:00,230,230
398,22/11/2018 , 16:38:00,230,230
399,22/11/2018 , 16:39:00,207,207
400,22/11/2018 , 16:40:00,196,196
401,22/11/2018 , 16:41:00,207,207
402,22/11/2018 , 16:42:00,209,209
403,22/11/2018 , 16:43:00,212,212
404,22/11/2018 , 16:44:00,211,211
405,22/11/2018 , 16:45:00,198,198
406,22/11/2018 , 16:46:00,198,198
407,22/11/2018 , 16:47:00,206,206
408,22/11/2018 , 16:48:00,203,203
409,22/11/2018 , 16:49:00,205,205
410,22/11/2018 , 16:50:00,208,208
411,22/11/2018 , 16:51:00,222,222
412,22/11/2018 , 16:52:00,217,217
413,22/11/2018 , 16:53:00,203,203
414,22/11/2018 , 16:54:00,189,189
415,22/11/2018 , 16:55:00,204,204
416,22/11/2018 , 16:56:00,220,220
417,22/11/2018 , 16:57:00,229,229
418,22/11/2018 , 16:58:00,244,244
419,22/11/2018 , 16:59:00,223,223
420,22/11/2018 , 17:00:00,190,190
421,22/11/2018 , 17:01:00,171,171
422,22/11/2018 , 17:02:00,167,167
423,22/11/2018 , 17:03:00,168,168
424,22/11/2018 , 17:04:00,171,171
425,22/11/2018 , 17:05:00,177,177
426,22/11/2018 , 17:06:00,175,175
427,22/11/2018 , 17:07:00,186,186
428,22/11/2018 , 17:08:00,190,190
429,22/11/2018 , 17:09:00,179,179
430,22/11/2018 , 17:10:00,176,176
431,22/11/2018 , 17:11:00,191,191
432,22/11/2018 , 17:12:00,186,186
433,22/11/2018 , 17:13:00,185,185
434,22/11/2018 , 17:14:00,188,188
435,22/11/2018 , 17:15:00,174,174
436,22/11/2018 , 17:16:00,162,162
437,22/11/2018 , 17:17:00,154,154
438,22/11/2018 , 17:18:00,148,148
439,22/11/2018 , 17:19:00,151,151
440,22/11/2018 , 17:20:00,181,181
441,22/11/2018 , 17:21:00,189,189
442,22/11/2018 , 17:22:00,169,169
443,22/11/2018 , 17:23:00,149,149
444,22/11/2018 , 17:24:00,134,134
445,22/11/2018 , 17:25:00,124,124
446,22/11/2018 , 17:26:00,119,119
447,22/11/2018 , 17:27:00,112,112
448,22/11/2018 , 17:28:00,112,112
449,22/11/2018 , 17:29:00,125,125
450,22/11/2018 , 17:30:00,124,124
451,22/11/2018 , 17:31:00,123,123
452,22/11/2018 , 17:32:00,114,114
453,22/11/2018 , 17:33:00,98,98
454,22/11/2018 , 17:34:00,87,87
455,22/11/2018 , 17:35:00,78,78
456,22/11/2018 , 17:36:00,73,73
457,22/11/2018 , 17:37:00,73,73
458,22/11/2018 , 17:38:00,76,76
459,22/11/2018 , 17:39:00,77,77
460,22/11/2018 , 17:40:00,76,76
461,22/11/2018 , 17:41:00,70,70
462,22/11/2018 , 17:42:00,69,69
463,22/11/2018 , 17:43:00,67,67
464,22/11/2018 , 17:44:00,61,61
465,22/11/2018 , 17:45:00,55,55
466,22/11/2018 , 17:46:00,52,52
467,22/11/2018 , 17:47:00,49,49
468,22/11/2018 , 17:48:00,47,47
469,22/11/2018 , 17:49:00,44,44
470,22/11/2018 , 17:50:00,40,40
471,22/11/2018 , 17:51:00,38,38
472,22/11/2018 , 17:52:00,37,37
473,22/11/2018 , 17:53:00,34,34
474,22/11/2018 , 17:54:00,32,32
475,22/11/2018 , 17:55:00,28,28
476,22/11/2018 , 17:56:00,27,27
477,22/11/2018 , 17:57:00,25,25
478,22/11/2018 , 17:58:00,22,22
479,22/11/2018 , 17:59:00,21,21
480,22/11/2018 , 18:00:00,19,19
481,22/11/2018 , 18:01:00,17,17
482,22/11/2018 , 18:02:00,15,15
483,22/11/2018 , 18:03:00,13,13
484,22/11/2018 , 18:04:00,12,12
485,22/11/2018 , 18:05:00,10,10
486,22/11/2018 , 18:06:00,9,9
487,22/11/2018 , 18:07:00,8,8
488,22/11/2018 , 18:08:00,7,7
489,22/11/2018 , 18:09:00,6,6
490,22/11/2018 , 18:10:00,6,6
491,22/11/2018 , 18:11:00,4,4
492,22/11/2018 , 18:12:00,5,5
493,22/11/2018 , 18:13:00,3,3
494,22/11/2018 , 18:14:00,3,3
495,22/11/2018 , 18:15:00,3,3
496,22/11/2018 , 18:16:00,2,2
497,22/11/2018 , 18:17:00,2,2
498,22/11/2018 , 18:18:00,1,1
499,22/11/2018 , 18:19:00,1,1
500,22/11/2018 , 18:20:00,1,1
501,22/11/2018 , 18:21:00,0,0
502,22/11/2018 , 18:22:00,0,0
503,22/11/2018 , 18:23:00,1,1
504,22/11/2018 , 18:24:00,0,0
505,22/11/2018 , 18:25:00,0,0
506,22/11/2018 , 18:26:00,0,0
507,22/11/2018 , 18:27:00,0,0
508,22/11/2018 , 18:28:00,0,0
509,22/11/2018 , 18:29:00,0,0
510,22/11/2018 , 18:30:00,0,0
511,22/11/2018 , 18:31:00,0,0
512,22/11/2018 , 18:32:00,0,0
513,22/11/2018 , 18:33:00,0,0
514,22/11/2018 , 18:34:00,0,0
515,22/11/2018 , 18:35:00,0,0
516,22/11/2018 , 18:36:00,0,0
517,22/11/2018 , 18:37:00,0,0
518,22/11/2018 , 18:38:00,0,0
519,22/11/2018 , 18:39:00,0,0
520,22/11/2018 , 18:40:00,0,0
521,22/11/2018 , 18:41:00,0,0
522,22/11/2018 , 18:42:00,0,0
523,22/11/2018 , 18:43:00,0,0
524,22/11/2018 , 18:44:00,0,0
525,22/11/2018 , 18:45:00,0,0
526,22/11/2018 , 18:46:00,0,0
527,22/11/2018 , 18:47:00,0,0
528,22/11/2018 , 18:48:00,0,0
529,22/11/2018 , 18:49:00,0,0
530,22/11/2018 , 18:50:00,0,0
531,22/11/2018 , 18:51:00,0,0
532,22/11/2018 , 18:52:00,0,0
533,22/11/2018 , 18:53:00,0,0
534,22/11/2018 , 18:54:00,0,0
535,22/11/2018 , 18:55:00,0,0
536,22/11/2018 , 18:56:00,0,0
537,22/11/2018 , 18:57:00,0,0
538,22/11/2018 , 18:58:00,0,0
539,22/11/2018 , 18:59:00,0,0
540,22/11/2018 , 19:00:00,0,0
541,22/11/2018 , 19:01:00,0,0
542,22/11/2018 , 19:02:00,0,0
543,22/11/2018 , 19:03:00,0,0
544,22/11/2018 , 19:04:00,0,0
545,22/11/2018 , 19:05:00,0,0
546,22/11/2018 , 19:06:00,0,0
547,22/11/2018 , 19:07:00,0,0
548,22/11/2018 , 19:08:00,0,0
549,22/11/2018 , 19:09:00,0,0
550,22/11/2018 , 19:10:00,0,0
551,22/11/2018 , 19:11:00,0,0
552,22/11/2018 , 19:12:00,0,0
553,22/11/2018 , 19:13:00,0,0
554,22/11/2018 , 19:14:00,0,0
555,22/11/2018 , 19:15:00,0,0
556,22/11/2018 , 19:16:00,0,0
557,22/11/2018 , 19:17:00,0,0
558,22/11/2018 , 19:18:00,0,0
559,22/11/2018 , 19:19:00,0,0
560,22/11/2018 , 19:20:00,0,0
561,22/11/2018 , 19:21:00,0,0
562,22/11/2018 , 19:22:00,0,0
563,22/11/2018 , 19:23:00,0,0
564,22/11/2018 , 19:24:00,0,0
565,22/11/2018 , 19:25:00,0,0
566,22/11/2018 , 19:26:00,0,0
567,22/11/2018 , 19:27:00,0,0
568,22/11/2018 , 19:28:00,0,0
569,22/11/2018 , 19:29:00,0,0
570,22/11/2018 , 19:30:00,0,0
571,22/11/2018 , 19:31:00,0,0
572,22/11/2018 , 19:32:00,0,0
573,22/11/2018 , 19:33:00,0,0
574,22/11/2018 , 19:34:00,0,0
575,22/11/2018 , 19:35:00,0,0
576,22/11/2018 , 19:36:00,0,0
577,22/11/2018 , 19:37:00,0,0
578,22/11/2018 , 19:38:00,0,0
579,22/11/2018 , 19:39:00,0,0
580,22/11/2018 , 19:40:00,0,0
581,22/11/2018 , 19:41:00,0,0
582,22/11/2018 , 19:42:00,0,0
583,22/11/2018 , 19:43:00,0,0
584,22/11/2018 , 19:44:00,0,0
585,22/11/2018 , 19:45:00,0,0
586,22/11/2018 , 19:46:00,0,0
587,22/11/2018 , 19:47:00,0,0
588,22/11/2018 , 19:48:00,0,0
589,22/11/2018 , 19:49:00,0,0
590,22/11/2018 , 19:50:00,0,0
591,22/11/2018 , 19:51:00,0,0
592,22/11/2018 , 19:52:00,0,0
593,22/11/2018 , 19:53:00,0,0
594,22/11/2018 , 19:54:00,0,0
595,22/11/2018 , 19:55:00,0,0
596,22/11/2018 , 19:56:00,0,0
597,22/11/2018 , 19:57:00,0,0
598,22/11/2018 , 19:58:00,0,0
599,22/11/2018 , 19:59:00,0,0
600,22/11/2018 , 20:00:00,0,0
601,22/11/2018 , 20:01:00,0,0
602,22/11/2018 , 20:02:00,0,0
603,22/11/2018 , 20:03:00,0,0
604,22/11/2018 , 20:04:00,0,0
605,22/11/2018 , 20:05:00,0,0
606,22/11/2018 , 20:06:00,0,0
607,22/11/2018 , 20:07:00,0,0
608,22/11/2018 , 20:08:00,0,0
609,22/11/2018 , 20:09:00,0,0
610,22/11/2018 , 20:10:00,0,0
611,22/11/2018 , 20:11:00,0,0
612,22/11/2018 , 20:12:00,0,0
613,22/11/2018 , 20:13:00,0,0
614,22/11/2018 , 20:14:00,0,0
615,22/11/2018 , 20:15:00,0,0
616,22/11/2018 , 20:16:00,0,0
617,22/11/2018 , 20:17:00,0,0
618,22/11/2018 , 20:18:00,0,0
619,22/11/2018 , 20:19:00,0,0
620,22/11/2018 , 20:20:00,0,0
621,22/11/2018 , 20:21:00,0,0
622,22/11/2018 , 20:22:00,0,0
623,22/11/2018 , 20:23:00,0,0
624,22/11/2018 , 20:24:00,0,0
625,22/11/2018 , 20:25:00,0,0
626,22/11/2018 , 20:26:00,0,0
627,22/11/2018 , 20:27:00,0,0
628,22/11/2018 , 20:28:00,0,0
629,22/11/2018 , 20:29:00,0,0
630,22/11/2018 , 20:30:00,0,0
631,22/11/2018 , 20:31:00,0,0
632,22/11/2018 , 20:32:00,0,0
633,22/11/2018 , 20:33:00,0,0
634,22/11/2018 , 20:34:00,0,0
635,22/11/2018 , 20:35:00,0,0
636,22/11/2018 , 20:36:00,0,0
637,22/11/2018 , 20:37:00,0,0
638,22/11/2018 , 20:38:00,0,0
639,22/11/2018 , 20:39:00,0,0
640,22/11/2018 , 20:40:00,0,0
641,22/11/2018 , 20:41:00,0,0
642,22/11/2018 , 20:42:00,0,0
643,22/11/2018 , 20:43:00,0,0
644,22/11/2018 , 20:44:00,0,0
645,22/11/2018 , 20:45:00,0,0
646,22/11/2018 , 20:46:00,0,0
647,22/11/2018 , 20:47:00,0,0
648,22/11/2018 , 20:48:00,0,0
649,22/11/2018 , 20:49:00,0,0
650,22/11/2018 , 20:50:00,0,0
651,22/11/2018 , 20:51:00,0,0
652,22/11/2018 , 20:52:00,0,0
653,22/11/2018 , 20:53:00,0,0
654,22/11/2018 , 20:54:00,0,0
655,22/11/2018 , 20:55:00,0,0
656,22/11/2018 , 20:56:00,0,0
657,22/11/2018 , 20:57:00,0,0
658,22/11/2018 , 20:58:00,0,0
659,22/11/2018 , 20:59:00,0,0
660,22/11/2018 , 21:00:00,0,0
661,22/11/2018 , 21:01:00,0,0
662,22/11/2018 , 21:02:00,0,0
663,22/11/2018 , 21:03:00,0,0
664,22/11/2018 , 21:04:00,0,0
665,22/11/2018 , 21:05:00,0,0
666,22/11/2018 , 21:06:00,0,0
667,22/11/2018 , 21:07:00,0,0
668,22/11/2018 , 21:08:00,0,0
669,22/11/2018 , 21:09:00,0,0
670,22/11/2018 , 21:10:00,0,0
671,22/11/2018 , 21:11:00,0,0
672,22/11/2018 , 21:12:00,0,0
673,22/11/2018 , 21:13:00,0,0
674,22/11/2018 , 21:14:00,0,0
675,22/11/2018 , 21:15:00,0,0
676,22/11/2018 , 21:16:00,0,0
677,22/11/2018 , 21:17:00,0,0
678,22/11/2018 , 21:18:00,0,0
679,22/11/2018 , 21:19:00,0,0
680,22/11/2018 , 21:20:00,0,0
681,22/11/2018 , 21:21:00,0,0
682,22/11/2018 , 21:22:00,0,0
683,22/11/2018 , 21:23:00,0,0
684,22/11/2018 , 21:24:00,0,0
685,22/11/2018 , 21:25:00,0,0
686,22/11/2018 , 21:26:00,0,0
687,22/11/2018 , 21:27:00,0,0
688,22/11/2018 , 21:28:00,0,0
689,22/11/2018 , 21:29:00,0,0
690,22/11/2018 , 21:30:00,0,0
691,22/11/2018 , 21:31:00,0,0
692,22/11/2018 , 21:32:00,0,0
693,22/11/2018 , 21:33:00,0,0
694,22/11/2018 , 21:34:00,0,0
695,22/11/2018 , 21:35:00,0,0
696,22/11/2018 , 21:36:00,0,0
697,22/11/2018 , 21:37:00,0,0
698,22/11/2018 , 21:38:00,0,0
699,22/11/2018 , 21:39:00,0,0
700,22/11/2018 , 21:40:00,0,0
701,22/11/2018 , 21:41:00,0,0
702,22/11/2018 , 21:42:00,0,0
703,22/11/2018 , 21:43:00,0,0
704,22/11/2018 , 21:44:00,0,0
705,22/11/2018 , 21:45:00,0,0
706,22/11/2018 , 21:46:00,0,0
707,22/11/2018 , 21:47:00,0,0
708,22/11/2018 , 21:48:00,0,0
709,22/11/2018 , 21:49:00,0,0
710,22/11/2018 , 21:50:00,0,0
711,22/11/2018 , 21:51:00,0,0
712,22/11/2018 , 21:52:00,0,0
713,22/11/2018 , 21:53:00,0,0
714,22/11/2018 , 21:54:00,0,0
715,22/11/2018 , 21:55:00,0,0
716,22/11/2018 , 21:56:00,0,0
717,22/11/2018 , 21:57:00,0,0
718,22/11/2018 , 21:58:00,0,0
719,22/11/2018 , 21:59:00,0,0
720,22/11/2018 , 22:00:00,0,0
721,22/11/2018 , 22:01:00,0,0
722,22/11/2018 , 22:02:00,0,0
723,22/11/2018 , 22:03:00,0,0
724,22/11/2018 , 22:04:00,0,0
725,22/11/2018 , 22:05:00,0,0
726,22/11/2018 , 22:06:00,0,0
727,22/11/2018 , 22:07:00,0,0
728,22/11/2018 , 22:08:00,0,0
729,22/11/2018 , 22:09:00,0,0
730,22/11/2018 , 22:10:00,0,0
731,22/11/2018 , 22:11:00,0,0
732,22/11/2018 , 22:12:00,0,0
733,22/11/2018 , 22:13:00,0,0
734,22/11/2018 , 22:14:00,0,0
735,22/11/2018 , 22:15:00,0,0
736,22/11/2018 , 22:16:00,0,0
737,22/11/2018 , 22:17:00,0,0
738,22/11/2018 , 22:18:00,0,0
739,22/11/2018 , 22:19:00,0,0
740,22/11/2018 , 22:20:00,0,0
741,22/11/2018 , 22:21:00,0,0
742,22/11/2018 , 22:22:00,0,0
743,22/11/2018 , 22:23:00,0,0
744,22/11/2018 , 22:24:00,0,0
745,22/11/2018 , 22:25:00,0,0
746,22/11/2018 , 22:26:00,0,0
747,22/11/2018 , 22:27:00,0,0
748,22/11/2018 , 22:28:00,0,0
749,22/11/2018 , 22:29:00,0,0
750,22/11/2018 , 22:30:00,0,0
751,22/11/2018 , 22:31:00,0,0
752,22/11/2018 , 22:32:00,0,0
753,22/11/2018 , 22:33:00,0,0
754,22/11/2018 , 22:34:00,0,0
755,22/11/2018 , 22:35:00,0,0
756,22/11/2018 , 22:36:00,0,0
757,22/11/2018 , 22:37:00,0,0
758,22/11/2018 , 22:38:00,0,0
759,22/11/2018 , 22:39:00,0,0
760,22/11/2018 , 22:40:00,0,0
761,22/11/2018 , 22:41:00,0,0
762,22/11/2018 , 22:42:00,0,0
763,22/11/2018 , 22:43:00,0,0
764,22/11/2018 , 22:44:00,0,0
765,22/11/2018 , 22:45:00,0,0
766,22/11/2018 , 22:46:00,0,0
767,22/11/2018 , 22:47:00,0,0
768,22/11/2018 , 22:48:00,0,0
769,22/11/2018 , 22:49:00,0,0
770,22/11/2018 , 22:50:00,0,0
771,22/11/2018 , 22:51:00,0,0
772,22/11/2018 , 22:52:00,0,0
773,22/11/2018 , 22:53:00,0,0
774,22/11/2018 , 22:54:00,0,0
775,22/11/2018 , 22:55:00,0,0
776,22/11/2018 , 22:56:00,0,0
777,22/11/2018 , 22:57:00,0,0
778,22/11/2018 , 22:58:00,0,0
779,22/11/2018 , 22:59:00,0,0
780,22/11/2018 , 23:00:00,0,0
781,22/11/2018 , 23:01:00,0,0
782,22/11/2018 , 23:02:00,0,0
783,22/11/2018 , 23:03:00,0,0
784,22/11/2018 , 23:04:00,0,0
785,22/11/2018 , 23:05:00,0,0
786,22/11/2018 , 23:06:00,0,0
787,22/11/2018 , 23:07:00,0,0
788,22/11/2018 , 23:08:00,0,0
789,22/11/2018 , 23:09:00,0,0
790,22/11/2018 , 23:10:00,0,0
791,22/11/2018 , 23:11:00,0,0
792,22/11/2018 , 23:12:00,0,0
793,22/11/2018 , 23:13:00,0,0
794,22/11/2018 , 23:14:00,0,0
795,22/11/2018 , 23:15:00,0,0
796,22/11/2018 , 23:16:00,0,0
797,22/11/2018 , 23:17:00,0,0
798,22/11/2018 , 23:18:00,0,0
799,22/11/2018 , 23:19:00,0,0
800,22/11/2018 , 23:20:00,0,0
801,22/11/2018 , 23:21:00,0,0
802,22/11/2018 , 23:22:00,0,0
803,22/11/2018 , 23:23:00,0,0
804,22/11/2018 , 23:24:00,0,0
805,22/11/2018 , 23:25:00,0,0
806,22/11/2018 , 23:26:00,0,0
807,22/11/2018 , 23:27:00,0,0
808,22/11/2018 , 23:28:00,0,0
809,22/11/2018 , 23:29:00,0,0
810,22/11/2018 , 23:30:00,0,0
811,22/11/2018 , 23:31:00,0,0
812,22/11/2018 , 23:32:00,0,0
813,22/11/2018 , 23:33:00,0,0
814,22/11/2018 , 23:34:00,0,0
815,22/11/2018 , 23:35:00,0,0
816,22/11/2018 , 23:36:00,0,0
817,22/11/2018 , 23:37:00,0,0
818,22/11/2018 , 23:38:00,0,0
819,22/11/2018 , 23:39:00,0,0
820,22/11/2018 , 23:40:00,0,0
821,22/11/2018 , 23:41:00,0,0
822,22/11/2018 , 23:42:00,0,0
823,22/11/2018 , 23:43:00,0,0
824,22/11/2018 , 23:44:00,0,0
825,22/11/2018 , 23:45:00,0,0
826,22/11/2018 , 23:46:00,0,0
827,22/11/2018 , 23:47:00,0,0
828,22/11/2018 , 23:48:00,0,0
829,22/11/2018 , 23:49:00,0,0
830,22/11/2018 , 23:50:00,0,0
831,22/11/2018 , 23:51:00,0,0
832,22/11/2018 , 23:52:00,0,0
833,22/11/2018 , 23:53:00,0,0
834,22/11/2018 , 23:54:00,0,0
835,22/11/2018 , 23:55:00,0,0
836,22/11/2018 , 23:56:00,0,0
837,22/11/2018 , 23:57:00,0,0
838,22/11/2018 , 23:58:00,0,0
839,22/11/2018 , 23:59:00,0,0
840,22/11/2018 , 24:00:00,0,0
841,23/11/2018 , 00:01:00,0,0
842,23/11/2018 , 00:02:00,0,0
843,23/11/2018 , 00:03:00,0,0
844,23/11/2018 , 00:04:00,0,0
845,23/11/2018 , 00:05:00,0,0
846,23/11/2018 , 00:06:00,0,0
847,23/11/2018 , 00:07:00,0,0
848,23/11/2018 , 00:08:00,0,0
849,23/11/2018 , 00:09:00,0,0
850,23/11/2018 , 00:10:00,0,0
851,23/11/2018 , 00:11:00,0,0
852,23/11/2018 , 00:12:00,0,0
853,23/11/2018 , 00:13:00,0,0
854,23/11/2018 , 00:14:00,0,0
855,23/11/2018 , 00:15:00,0,0
856,23/11/2018 , 00:16:00,0,0
857,23/11/2018 , 00:17:00,0,0
858,23/11/2018 , 00:18:00,0,0
859,23/11/2018 , 00:19:00,0,0
860,23/11/2018 , 00:20:00,0,0
861,23/11/2018 , 00:21:00,0,0
862,23/11/2018 , 00:22:00,0,0
863,23/11/2018 , 00:23:00,0,0
864,23/11/2018 , 00:24:00,0,0
865,23/11/2018 , 00:25:00,0,0
866,23/11/2018 , 00:26:00,0,0
867,23/11/2018 , 00:27:00,0,0
868,23/11/2018 , 00:28:00,0,0
869,23/11/2018 , 00:29:00,0,0
870,23/11/2018 , 00:30:00,0,0
871,23/11/2018 , 00:31:00,0,0
872,23/11/2018 , 00:32:00,0,0
873,23/11/2018 , 00:33:00,0,0
874,23/11/2018 , 00:34:00,0,0
875,23/11/2018 , 00:35:00,0,0
876,23/11/2018 , 00:36:00,0,0
877,23/11/2018 , 00:37:00,0,0
878,23/11/2018 , 00:38:00,0,0
879,23/11/2018 , 00:39:00,0,0
880,23/11/2018 , 00:40:00,0,0
881,23/11/2018 , 00:41:00,0,0
882,23/11/2018 , 00:42:00,0,0
883,23/11/2018 , 00:43:00,0,0
884,23/11/2018 , 00:44:00,0,0
885,23/11/2018 , 00:45:00,0,0
886,23/11/2018 , 00:46:00,0,0
887,23/11/2018 , 00:47:00,0,0
888,23/11/2018 , 00:48:00,0,0
889,23/11/2018 , 00:49:00,0,0
890,23/11/2018 , 00:50:00,0,0
891,23/11/2018 , 00:51:00,0,0
892,23/11/2018 , 00:52:00,0,0
893,23/11/2018 , 00:53:00,0,0
894,23/11/2018 , 00:54:00,0,0
895,23/11/2018 , 00:55:00,0,0
896,23/11/2018 , 00:56:00,0,0
897,23/11/2018 , 00:57:00,0,0
898,23/11/2018 , 00:58:00,0,0
899,23/11/2018 , 00:59:00,0,0
900,23/11/2018 , 01:00:00,0,0
901,23/11/2018 , 01:01:00,0,0
902,23/11/2018 , 01:02:00,0,0
903,23/11/2018 , 01:03:00,0,0
904,23/11/2018 , 01:04:00,0,0
905,23/11/2018 , 01:05:00,0,0
906,23/11/2018 , 01:06:00,0,0
907,23/11/2018 , 01:07:00,0,0
908,23/11/2018 , 01:08:00,0,0
909,23/11/2018 , 01:09:00,0,0
910,23/11/2018 , 01:10:00,0,0
911,23/11/2018 , 01:11:00,0,0
912,23/11/2018 , 01:12:00,0,0
913,23/11/2018 , 01:13:00,0,0
914,23/11/2018 , 01:14:00,0,0
915,23/11/2018 , 01:15:00,0,0
916,23/11/2018 , 01:16:00,0,0
917,23/11/2018 , 01:17:00,0,0
918,23/11/2018 , 01:18:00,0,0
919,23/11/2018 , 01:19:00,0,0
920,23/11/2018 , 01:20:00,0,0
921,23/11/2018 , 01:21:00,0,0
922,23/11/2018 , 01:22:00,0,0
923,23/11/2018 , 01:23:00,0,0
924,23/11/2018 , 01:24:00,0,0
925,23/11/2018 , 01:25:00,0,0
926,23/11/2018 , 01:26:00,0,0
927,23/11/2018 , 01:27:00,0,0
928,23/11/2018 , 01:28:00,0,0
929,23/11/2018 , 01:29:00,0,0
930,23/11/2018 , 01:30:00,0,0
931,23/11/2018 , 01:31:00,0,0
932,23/11/2018 , 01:32:00,0,0
933,23/11/2018 , 01:33:00,0,0
934,23/11/2018 , 01:34:00,0,0
935,23/11/2018 , 01:35:00,0,0
936,23/11/2018 , 01:36:00,0,0
937,23/11/2018 , 01:37:00,0,0
938,23/11/2018 , 01:38:00,0,0
939,23/11/2018 , 01:39:00,0,0
940,23/11/2018 , 01:40:00,0,0
941,23/11/2018 , 01:41:00,0,0
942,23/11/2018 , 01:42:00,0,0
943,23/11/2018 , 01:43:00,0,0
944,23/11/2018 , 01:44:00,0,0
945,23/11/2018 , 01:45:00,0,0
946,23/11/2018 , 01:46:00,0,0
947,23/11/2018 , 01:47:00,0,0
948,23/11/2018 , 01:48:00,0,0
949,23/11/2018 , 01:49:00,0,0
950,23/11/2018 , 01:50:00,0,0
951,23/11/2018 , 01:51:00,0,0
952,23/11/2018 , 01:52:00,0,0
953,23/11/2018 , 01:53:00,0,0
954,23/11/2018 , 01:54:00,0,0
955,23/11/2018 , 01:55:00,0,0
956,23/11/2018 , 01:56:00,0,0
957,23/11/2018 , 01:57:00,0,0
958,23/11/2018 , 01:58:00,0,0
959,23/11/2018 , 01:59:00,0,0
960,23/11/2018 , 02:00:00,0,0
961,23/11/2018 , 02:01:00,0,0
962,23/11/2018 , 02:02:00,0,0
963,23/11/2018 , 02:03:00,0,0
964,23/11/2018 , 02:04:00,0,0
965,23/11/2018 , 02:05:00,0,0
966,23/11/2018 , 02:06:00,0,0
967,23/11/2018 , 02:07:00,0,0
968,23/11/2018 , 02:08:00,0,0
969,23/11/2018 , 02:09:00,0,0
970,23/11/2018 , 02:10:00,0,0
971,23/11/2018 , 02:11:00,0,0
972,23/11/2018 , 02:12:00,0,0
973,23/11/2018 , 02:13:00,0,0
974,23/11/2018 , 02:14:00,0,0
975,23/11/2018 , 02:15:00,0,0
976,23/11/2018 , 02:16:00,0,0
977,23/11/2018 , 02:17:00,0,0
978,23/11/2018 , 02:18:00,0,0
979,23/11/2018 , 02:19:00,0,0
980,23/11/2018 , 02:20:00,0,0
981,23/11/2018 , 02:21:00,0,0
982,23/11/2018 , 02:22:00,0,0
983,23/11/2018 , 02:23:00,0,0
984,23/11/2018 , 02:24:00,0,0
985,23/11/2018 , 02:25:00,0,0
986,23/11/2018 , 02:26:00,0,0
987,23/11/2018 , 02:27:00,0,0
988,23/11/2018 , 02:28:00,0,0
989,23/11/2018 , 02:29:00,0,0
990,23/11/2018 , 02:30:00,0,0
991,23/11/2018 , 02:31:00,0,0
992,23/11/2018 , 02:32:00,0,0
993,23/11/2018 , 02:33:00,0,0
994,23/11/2018 , 02:34:00,0,0
995,23/11/2018 , 02:35:00,0,0
996,23/11/2018 , 02:36:00,0,0
997,23/11/2018 , 02:37:00,0,0
998,23/11/2018 , 02:38:00,0,0
999,23/11/2018 , 02:39:00,0,0
1000,23/11/2018 , 02:40:00,0,0
1001,23/11/2018 , 02:41:00,0,0
1002,23/11/2018 , 02:42:00,0,0
1003,23/11/2018 , 02:43:00,0,0
1004,23/11/2018 , 02:44:00,0,0
1005,23/11/2018 , 02:45:00,0,0
1006,23/11/2018 , 02:46:00,0,0
1007,23/11/2018 , 02:47:00,0,0
1008,23/11/2018 , 02:48:00,0,0
1009,23/11/2018 , 02:49:00,0,0
1010,23/11/2018 , 02:50:00,0,0
1011,23/11/2018 , 02:51:00,0,0
1012,23/11/2018 , 02:52:00,0,0
1013,23/11/2018 , 02:53:00,0,0
1014,23/11/2018 , 02:54:00,0,0
1015,23/11/2018 , 02:55:00,0,0
1016,23/11/2018 , 02:56:00,0,0
1017,23/11/2018 , 02:57:00,0,0
1018,23/11/2018 , 02:58:00,0,0
1019,23/11/2018 , 02:59:00,0,0
1020,23/11/2018 , 03:00:00,0,0
1021,23/11/2018 , 03:01:00,0,0
1022,23/11/2018 , 03:02:00,0,0
1023,23/11/2018 , 03:03:00,0,0
1024,23/11/2018 , 03:04:00,0,0
1025,23/11/2018 , 03:05:00,0,0
1026,23/11/2018 , 03:06:00,0,0
1027,23/11/2018 , 03:07:00,0,0
1028,23/11/2018 , 03:08:00,0,0
1029,23/11/2018 , 03:09:00,0,0
1030,23/11/2018 , 03:10:00,0,0
1031,23/11/2018 , 03:11:00,0,0
1032,23/11/2018 , 03:12:00,0,0
1033,23/11/2018 , 03:13:00,0,0
1034,23/11/2018 , 03:14:00,0,0
1035,23/11/2018 , 03:15:00,0,0
1036,23/11/2018 , 03:16:00,0,0
1037,23/11/2018 , 03:17:00,0,0
1038,23/11/2018 , 03:18:00,0,0
1039,23/11/2018 , 03:19:00,0,0
1040,23/11/2018 , 03:20:00,0,0
1041,23/11/2018 , 03:21:00,0,0
1042,23/11/2018 , 03:22:00,0,0
1043,23/11/2018 , 03:23:00,0,0
1044,23/11/2018 , 03:24:00,0,0
1045,23/11/2018 , 03:25:00,0,0
1046,23/11/2018 , 03:26:00,0,0
1047,23/11/2018 , 03:27:00,0,0
1048,23/11/2018 , 03:28:00,0,0
1049,23/11/2018 , 03:29:00,0,0
1050,23/11/2018 , 03:30:00,0,0
1051,23/11/2018 , 03:31:00,0,0
1052,23/11/2018 , 03:32:00,0,0
1053,23/11/2018 , 03:33:00,0,0
1054,23/11/2018 , 03:34:00,0,0
1055,23/11/2018 , 03:35:00,0,0
1056,23/11/2018 , 03:36:00,0,0
1057,23/11/2018 , 03:37:00,0,0
1058,23/11/2018 , 03:38:00,0,0
1059,23/11/2018 , 03:39:00,0,0
1060,23/11/2018 , 03:40:00,0,0
1061,23/11/2018 , 03:41:00,0,0
1062,23/11/2018 , 03:42:00,0,0
1063,23/11/2018 , 03:43:00,0,0
1064,23/11/2018 , 03:44:00,0,0
1065,23/11/2018 , 03:45:00,0,0
1066,23/11/2018 , 03:46:00,0,0
1067,23/11/2018 , 03:47:00,0,0
1068,23/11/2018 , 03:48:00,0,0
1069,23/11/2018 , 03:49:00,0,0
1070,23/11/2018 , 03:50:00,0,0
1071,23/11/2018 , 03:51:00,0,0
1072,23/11/2018 , 03:52:00,0,0
1073,23/11/2018 , 03:53:00,0,0
1074,23/11/2018 , 03:54:00,0,0
1075,23/11/2018 , 03:55:00,0,0
1076,23/11/2018 , 03:56:00,0,0
1077,23/11/2018 , 03:57:00,0,0
1078,23/11/2018 , 03:58:00,0,0
1079,23/11/2018 , 03:59:00,0,0
1080,23/11/2018 , 04:00:00,0,0
1081,23/11/2018 , 04:01:00,0,0
1082,23/11/2018 , 04:02:00,0,0
1083,23/11/2018 , 04:03:00,0,0
1084,23/11/2018 , 04:04:00,0,0
1085,23/11/2018 , 04:05:00,0,0
1086,23/11/2018 , 04:06:00,0,0
1087,23/11/2018 , 04:07:00,0,0
1088,23/11/2018 , 04:08:00,0,0
1089,23/11/2018 , 04:09:00,0,0
1090,23/11/2018 , 04:10:00,0,0
1091,23/11/2018 , 04:11:00,0,0
1092,23/11/2018 , 04:12:00,0,0
1093,23/11/2018 , 04:13:00,0,0
1094,23/11/2018 , 04:14:00,0,0
1095,23/11/2018 , 04:15:00,0,0
1096,23/11/2018 , 04:16:00,0,0
1097,23/11/2018 , 04:17:00,0,0
1098,23/11/2018 , 04:18:00,0,0
1099,23/11/2018 , 04:19:00,0,0
1100,23/11/2018 , 04:20:00,0,0
1101,23/11/2018 , 04:21:00,0,0
1102,23/11/2018 , 04:22:00,0,0
1103,23/11/2018 , 04:23:00,0,0
1104,23/11/2018 , 04:24:00,0,0
1105,23/11/2018 , 04:25:00,0,0
1106,23/11/2018 , 04:26:00,0,0
1107,23/11/2018 , 04:27:00,0,0
1108,23/11/2018 , 04:28:00,0,0
1109,23/11/2018 , 04:29:00,0,0
1110,23/11/2018 , 04:30:00,0,0
1111,23/11/2018 , 04:31:00,0,0
1112,23/11/2018 , 04:32:00,0,0
1113,23/11/2018 , 04:33:00,0,0
1114,23/11/2018 , 04:34:00,0,0
1115,23/11/2018 , 04:35:00,0,0
1116,23/11/2018 , 04:36:00,0,0
1117,23/11/2018 , 04:37:00,0,0
1118,23/11/2018 , 04:38:00,0,0
1119,23/11/2018 , 04:39:00,0,0
1120,23/11/2018 , 04:40:00,0,0
1121,23/11/2018 , 04:41:00,0,0
1122,23/11/2018 , 04:42:00,0,0
1123,23/11/2018 , 04:43:00,0,0
1124,23/11/2018 , 04:44:00,0,0
1125,23/11/2018 , 04:45:00,0,0
1126,23/11/2018 , 04:46:00,0,0
1127,23/11/2018 , 04:47:00,0,0
1128,23/11/2018 , 04:48:00,0,0
1129,23/11/2018 , 04:49:00,0,0
1130,23/11/2018 , 04:50:00,0,0
1131,23/11/2018 , 04:51:00,0,0
1132,23/11/2018 , 04:52:00,0,0
1133,23/11/2018 , 04:53:00,0,0
1134,23/11/2018 , 04:54:00,0,0
1135,23/11/2018 , 04:55:00,0,0
1136,23/11/2018 , 04:56:00,0,0
1137,23/11/2018 , 04:57:00,0,0
1138,23/11/2018 , 04:58:00,0,0
1139,23/11/2018 , 04:59:00,0,0
1140,23/11/2018 , 05:00:00,0,0
1141,23/11/2018 , 05:01:00,0,0
1142,23/11/2018 , 05:02:00,0,0
1143,23/11/2018 , 05:03:00,0,0
1144,23/11/2018 , 05:04:00,0,0
1145,23/11/2018 , 05:05:00,0,0
1146,23/11/2018 , 05:06:00,0,0
1147,23/11/2018 , 05:07:00,0,0
1148,23/11/2018 , 05:08:00,0,0
1149,23/11/2018 , 05:09:00,0,0
1150,23/11/2018 , 05:10:00,0,0
1151,23/11/2018 , 05:11:00,0,0
1152,23/11/2018 , 05:12:00,0,0
1153,23/11/2018 , 05:13:00,0,0
1154,23/11/2018 , 05:14:00,0,0
1155,23/11/2018 , 05:15:00,0,0
1156,23/11/2018 , 05:16:00,0,0
1157,23/11/2018 , 05:17:00,0,0
1158,23/11/2018 , 05:18:00,0,0
1159,23/11/2018 , 05:19:00,0,0
1160,23/11/2018 , 05:20:00,0,0
1161,23/11/2018 , 05:21:00,0,0
1162,23/11/2018 , 05:22:00,0,0
1163,23/11/2018 , 05:23:00,0,0
1164,23/11/2018 , 05:24:00,0,0
1165,23/11/2018 , 05:25:00,0,0
1166,23/11/2018 , 05:26:00,0,0
1167,23/11/2018 , 05:27:00,0,0
1168,23/11/2018 , 05:28:00,0,0
1169,23/11/2018 , 05:29:00,0,0
1170,23/11/2018 , 05:30:00,0,0
1171,23/11/2018 , 05:31:00,0,0
1172,23/11/2018 , 05:32:00,0,0
1173,23/11/2018 , 05:33:00,0,0
1174,23/11/2018 , 05:34:00,0,0
1175,23/11/2018 , 05:35:00,0,0
1176,23/11/2018 , 05:36:00,0,0
1177,23/11/2018 , 05:37:00,0,0
1178,23/11/2018 , 05:38:00,0,0
1179,23/11/2018 , 05:39:00,0,0
1180,23/11/2018 , 05:40:00,0,0
1181,23/11/2018 , 05:41:00,0,0
1182,23/11/2018 , 05:42:00,0,0
1183,23/11/2018 , 05:43:00,0,0
1184,23/11/2018 , 05:44:00,0,0
1185,23/11/2018 , 05:45:00,0,0
1186,23/11/2018 , 05:46:00,0,0
1187,23/11/2018 , 05:47:00,0,0
1188,23/11/2018 , 05:48:00,0,0
1189,23/11/2018 , 05:49:00,0,0
1190,23/11/2018 , 05:50:00,0,0
1191,23/11/2018 , 05:51:00,0,0
1192,23/11/2018 , 05:52:00,0,0
1193,23/11/2018 , 05:53:00,0,0
1194,23/11/2018 , 05:54:00,0,0
1195,23/11/2018 , 05:55:00,0,0
1196,23/11/2018 , 05:56:00,0,0
1197,23/11/2018 , 05:57:00,0,0
1198,23/11/2018 , 05:58:00,0,0
1199,23/11/2018 , 05:59:00,0,0
1200,23/11/2018 , 06:00:00,0,0
1201,23/11/2018 , 06:01:00,0,0
1202,23/11/2018 , 06:02:00,0,0
1203,23/11/2018 , 06:03:00,0,0
1204,23/11/2018 , 06:04:00,0,0
1205,23/11/2018 , 06:05:00,0,0
1206,23/11/2018 , 06:06:00,0,0
1207,23/11/2018 , 06:07:00,0,0
1208,23/11/2018 , 06:08:00,0,0
1209,23/11/2018 , 06:09:00,0,0
1210,23/11/2018 , 06:10:00,0,0
1211,23/11/2018 , 06:11:00,0,0
1212,23/11/2018 , 06:12:00,0,0
1213,23/11/2018 , 06:13:00,0,0
1214,23/11/2018 , 06:14:00,0,0
1215,23/11/2018 , 06:15:00,0,0
1216,23/11/2018 , 06:16:00,0,0
1217,23/11/2018 , 06:17:00,0,0
1218,23/11/2018 , 06:18:00,0,0
1219,23/11/2018 , 06:19:00,1,1
1220,23/11/2018 , 06:20:00,0,0
1221,23/11/2018 , 06:21:00,0,0
1222,23/11/2018 , 06:22:00,1,1
1223,23/11/2018 , 06:23:00,1,1
1224,23/11/2018 , 06:24:00,2,2
1225,23/11/2018 , 06:25:00,2,2
1226,23/11/2018 , 06:26:00,5,5
1227,23/11/2018 , 06:27:00,7,7
1228,23/11/2018 , 06:28:00,8,8
1229,23/11/2018 , 06:29:00,9,9
1230,23/11/2018 , 06:30:00,8,8
1231,23/11/2018 , 06:31:00,6,6
1232,23/11/2018 , 06:32:00,6,6
1233,23/11/2018 , 06:33:00,8,8
1234,23/11/2018 , 06:34:00,12,12
1235,23/11/2018 , 06:35:00,11,11
1236,23/11/2018 , 06:36:00,11,11
1237,23/11/2018 , 06:37:00,13,13
1238,23/11/2018 , 06:38:00,14,14
1239,23/11/2018 , 06:39:00,16,16
1240,23/11/2018 , 06:40:00,18,18
1241,23/11/2018 , 06:41:00,21,21
1242,23/11/2018 , 06:42:00,24,24
1243,23/11/2018 , 06:43:00,26,26
1244,23/11/2018 , 06:44:00,30,30
1245,23/11/2018 , 06:45:00,34,34
1246,23/11/2018 , 06:46:00,37,37
1247,23/11/2018 , 06:47:00,40,40
1248,23/11/2018 , 06:48:00,43,43
1249,23/11/2018 , 06:49:00,47,47
1250,23/11/2018 , 06:50:00,51,51
1251,23/11/2018 , 06:51:00,56,56
1252,23/11/2018 , 06:52:00,60,60
1253,23/11/2018 , 06:53:00,65,65
1254,23/11/2018 , 06:54:00,70,70
1255,23/11/2018 , 06:55:00,75,75
1256,23/11/2018 , 06:56:00,80,80
1257,23/11/2018 , 06:57:00,85,85
1258,23/11/2018 , 06:58:00,91,91
1259,23/11/2018 , 06:59:00,96,96
1260,23/11/2018 , 07:00:00,100,100
1261,23/11/2018 , 07:01:00,106,106
1262,23/11/2018 , 07:02:00,109,109
1263,23/11/2018 , 07:03:00,115,115
1264,23/11/2018 , 07:04:00,121,121
1265,23/11/2018 , 07:05:00,126,126
1266,23/11/2018 , 07:06:00,131,131
1267,23/11/2018 , 07:07:00,136,136
1268,23/11/2018 , 07:08:00,141,141
1269,23/11/2018 , 07:09:00,146,146
1270,23/11/2018 , 07:10:00,153,153
1271,23/11/2018 , 07:11:00,159,159
1272,23/11/2018 , 07:12:00,165,165
1273,23/11/2018 , 07:13:00,170,170
1274,23/11/2018 , 07:14:00,174,174
1275,23/11/2018 , 07:15:00,178,178
1276,23/11/2018 , 07:16:00,182,182
1277,23/11/2018 , 07:17:00,186,186
1278,23/11/2018 , 07:18:00,189,189
1279,23/11/2018 , 07:19:00,192,192
1280,23/11/2018 , 07:20:00,196,196
1281,23/11/2018 , 07:21:00,200,200
1282,23/11/2018 , 07:22:00,204,204
1283,23/11/2018 , 07:23:00,210,210
1284,23/11/2018 , 07:24:00,215,215
1285,23/11/2018 , 07:25:00,221,221
1286,23/11/2018 , 07:26:00,226,226
1287,23/11/2018 , 07:27:00,230,230
1288,23/11/2018 , 07:28:00,236,236
1289,23/11/2018 , 07:29:00,240,240
1290,23/11/2018 , 07:30:00,246,246
1291,23/11/2018 , 07:31:00,254,254
1292,23/11/2018 , 07:32:00,262,262
1293,23/11/2018 , 07:33:00,270,270
1294,23/11/2018 , 07:34:00,279,279
1295,23/11/2018 , 07:35:00,283,283
1296,23/11/2018 , 07:36:00,288,288
1297,23/11/2018 , 07:37:00,295,295
1298,23/11/2018 , 07:38:00,308,308
1299,23/11/2018 , 07:39:00,319,319
1300,23/11/2018 , 07:40:00,325,325
1301,23/11/2018 , 07:41:00,328,328
1302,23/11/2018 , 07:42:00,334,334
1303,23/11/2018 , 07:43:00,345,345
1304,23/11/2018 , 07:44:00,358,358
1305,23/11/2018 , 07:45:00,357,357
1306,23/11/2018 , 07:46:00,362,362
1307,23/11/2018 , 07:47:00,366,366
1308,23/11/2018 , 07:48:00,367,367
1309,23/11/2018 , 07:49:00,371,371
1310,23/11/2018 , 07:50:00,379,379
1311,23/11/2018 , 07:51:00,387,387
1312,23/11/2018 , 07:52:00,399,399
1313,23/11/2018 , 07:53:00,418,418
1314,23/11/2018 , 07:54:00,447,447
1315,23/11/2018 , 07:55:00,522,522
1316,23/11/2018 , 07:56:00,615,615
1317,23/11/2018 , 07:57:00,709,709
1318,23/11/2018 , 07:58:00,861,861
1319,23/11/2018 , 07:59:00,928,928
1320,23/11/2018 , 08:00:00,947,947
1321,23/11/2018 , 08:01:00,1028,1028
1322,23/11/2018 , 08:02:00,1014,1014
1323,23/11/2018 , 08:03:00,916,916
1324,23/11/2018 , 08:04:00,887,887
1325,23/11/2018 , 08:05:00,867,867
1326,23/11/2018 , 08:06:00,783,783
1327,23/11/2018 , 08:07:00,605,605
1328,23/11/2018 , 08:08:00,518,518
1329,23/11/2018 , 08:09:00,476,476
1330,23/11/2018 , 08:10:00,497,497
1331,23/11/2018 , 08:11:00,549,549
1332,23/11/2018 , 08:12:00,551,551
1333,23/11/2018 , 08:13:00,532,532
1334,23/11/2018 , 08:14:00,533,533
1335,23/11/2018 , 08:15:00,561,561
1336,23/11/2018 , 08:16:00,511,511
1337,23/11/2018 , 08:17:00,526,526
1338,23/11/2018 , 08:18:00,550,550
1339,23/11/2018 , 08:19:00,579,579
1340,23/11/2018 , 08:20:00,629,629
1341,23/11/2018 , 08:21:00,732,732
1342,23/11/2018 , 08:22:00,763,763
1343,23/11/2018 , 08:23:00,793,793
1344,23/11/2018 , 08:24:00,839,839
1345,23/11/2018 , 08:25:00,824,824
1346,23/11/2018 , 08:26:00,940,940
1347,23/11/2018 , 08:27:00,1143,1143
1348,23/11/2018 , 08:28:00,1223,1223
1349,23/11/2018 , 08:29:00,1290,1290
1350,23/11/2018 , 08:30:00,1386,1386
1351,23/11/2018 , 08:31:00,1436,1436
1352,23/11/2018 , 08:32:00,1471,1471
1353,23/11/2018 , 08:33:00,1524,1524
1354,23/11/2018 , 08:34:00,1637,1637
1355,23/11/2018 , 08:35:00,1725,1725
1356,23/11/2018 , 08:36:00,1775,1775
1357,23/11/2018 , 08:37:00,1828,1828
1358,23/11/2018 , 08:38:00,1832,1832
1359,23/11/2018 , 08:39:00,1660,1660
1360,23/11/2018 , 08:40:00,1451,1451
1361,23/11/2018 , 08:41:00,1183,1183
1362,23/11/2018 , 08:42:00,828,828
1363,23/11/2018 , 08:43:00,627,627
1364,23/11/2018 , 08:44:00,535,535
1365,23/11/2018 , 08:45:00,482,482
1366,23/11/2018 , 08:46:00,479,479
1367,23/11/2018 , 08:47:00,470,470
1368,23/11/2018 , 08:48:00,480,480
1369,23/11/2018 , 08:49:00,565,565
1370,23/11/2018 , 08:50:00,498,498
1371,23/11/2018 , 08:51:00,637,637
1372,23/11/2018 , 08:52:00,440,440
1373,23/11/2018 , 08:53:00,935,935
1374,23/11/2018 , 08:54:00,921,921
1375,23/11/2018 , 08:55:00,1145,1145
1376,23/11/2018 , 08:56:00,1337,1337
1377,23/11/2018 , 08:57:00,1320,1320
1378,23/11/2018 , 08:58:00,1735,1735
1379,23/11/2018 , 08:59:00,1702,1702
1380,23/11/2018 , 09:00:00,2094,2094
1381,23/11/2018 , 09:01:00,1019,1019
1382,23/11/2018 , 09:02:00,1820,1820
1383,23/11/2018 , 09:03:00,1860,1860
1384,23/11/2018 , 09:04:00,1929,1929
1385,23/11/2018 , 09:05:00,2170,2170
1386,23/11/2018 , 09:06:00,1975,1975
1387,23/11/2018 , 09:07:00,1877,1877
1388,23/11/2018 , 09:08:00,1927,1927
1389,23/11/2018 , 09:09:00,1946,1946
1390,23/11/2018 , 09:10:00,1955,1955
1391,23/11/2018 , 09:11:00,1968,1968
1392,23/11/2018 , 09:12:00,1997,1997
1393,23/11/2018 , 09:13:00,2014,2014
1394,23/11/2018 , 09:14:00,1327,1327
1395,23/11/2018 , 09:15:00,1035,1035
1396,23/11/2018 , 09:16:00,2103,2103
1397,23/11/2018 , 09:17:00,1654,1654
1398,23/11/2018 , 09:18:00,1820,1820
1399,23/11/2018 , 09:19:00,1864,1864
1400,23/11/2018 , 09:20:00,1670,1670
1401,23/11/2018 , 09:21:00,769,769
1402,23/11/2018 , 09:22:00,1016,1016
1403,23/11/2018 , 09:23:00,891,891
1404,23/11/2018 , 09:24:00,426,426
1405,23/11/2018 , 09:25:00,446,446
1406,23/11/2018 , 09:26:00,513,513
1407,23/11/2018 , 09:27:00,1235,1235
1408,23/11/2018 , 09:28:00,706,706
1409,23/11/2018 , 09:29:00,1342,1342
1410,23/11/2018 , 09:30:00,2542,2542
1411,23/11/2018 , 09:31:00,2432,2432
1412,23/11/2018 , 09:32:00,2343,2343
1413,23/11/2018 , 09:33:00,2324,2324
1414,23/11/2018 , 09:34:00,1357,1357
1415,23/11/2018 , 09:35:00,1765,1765
1416,23/11/2018 , 09:36:00,2060,2060
1417,23/11/2018 , 09:37:00,2238,2238
1418,23/11/2018 , 09:38:00,2047,2047
1419,23/11/2018 , 09:39:00,2439,2439
1420,23/11/2018 , 09:40:00,1190,1190
1421,23/11/2018 , 09:41:00,1989,1989
1422,23/11/2018 , 09:42:00,2300,2300
1423,23/11/2018 , 09:43:00,2184,2184
1424,23/11/2018 , 09:44:00,2278,2278
1425,23/11/2018 , 09:45:00,2323,2323
1426,23/11/2018 , 09:46:00,2356,2356
1427,23/11/2018 , 09:47:00,2337,2337
1428,23/11/2018 , 09:48:00,2322,2322
1429,23/11/2018 , 09:49:00,2342,2342
1430,23/11/2018 , 09:50:00,1711,1711
1431,23/11/2018 , 09:51:00,743,743
1432,23/11/2018 , 09:52:00,2332,2332
1433,23/11/2018 , 09:53:00,1934,1934
1434,23/11/2018 , 09:54:00,2487,2487
1435,23/11/2018 , 09:55:00,1094,1094
1436,23/11/2018 , 09:56:00,1198,1198
1437,23/11/2018 , 09:57:00,1334,1334
1438,23/11/2018 , 09:58:00,2751,2751
1439,23/11/2018 , 09:59:00,2624,2624
1440,23/11/2018 , 10:00:00,2578,2578
1441,23/11/2018 , 10:01:00,2643,2643
1442,23/11/2018 , 10:02:00,1923,1923
1443,23/11/2018 , 10:03:00,2253,2253
1444,23/11/2018 , 10:04:00,446,446
1445,23/11/2018 , 10:05:00,382,382
1446,23/11/2018 , 10:06:00,459,459
1447,23/11/2018 , 10:07:00,517,517
1448,23/11/2018 , 10:08:00,571,571
1449,23/11/2018 , 10:09:00,1783,1783
1450,23/11/2018 , 10:10:00,1496,1496
1451,23/11/2018 , 10:11:00,2767,2767
1452,23/11/2018 , 10:12:00,2682,2682
1453,23/11/2018 , 10:13:00,2600,2600
1454,23/11/2018 , 10:14:00,2575,2575
1455,23/11/2018 , 10:15:00,2573,2573
1456,23/11/2018 , 10:16:00,2486,2486
1457,23/11/2018 , 10:17:00,2542,2542
1458,23/11/2018 , 10:18:00,2526,2526
1459,23/11/2018 , 10:19:00,2528,2528
1460,23/11/2018 , 10:20:00,1688,1688
1461,23/11/2018 , 10:21:00,2390,2390
1462,23/11/2018 , 10:22:00,2533,2533
1463,23/11/2018 , 10:23:00,2546,2546
1464,23/11/2018 , 10:24:00,2525,2525
1465,23/11/2018 , 10:25:00,2531,2531
1466,23/11/2018 , 10:26:00,2539,2539
1467,23/11/2018 , 10:27:00,2545,2545
1468,23/11/2018 , 10:28:00,2585,2585
1469,23/11/2018 , 10:29:00,2063,2063
1470,23/11/2018 , 10:30:00,1631,1631
1471,23/11/2018 , 10:31:00,2514,2514
1472,23/11/2018 , 10:32:00,2540,2540
1473,23/11/2018 , 10:33:00,2550,2550
1474,23/11/2018 , 10:34:00,2562,2562
1475,23/11/2018 , 10:35:00,2587,2587
1476,23/11/2018 , 10:36:00,2615,2615
1477,23/11/2018 , 10:37:00,2651,2651
1478,23/11/2018 , 10:38:00,2669,2669
1479,23/11/2018 , 10:39:00,2394,2394
1480,23/11/2018 , 10:40:00,2809,2809
1481,23/11/2018 , 10:41:00,2855,2855
1482,23/11/2018 , 10:42:00,2734,2734
1483,23/11/2018 , 10:43:00,2634,2634
1484,23/11/2018 , 10:44:00,2643,2643
1485,23/11/2018 , 10:45:00,2657,2657
1486,23/11/2018 , 10:46:00,2670,2670
1487,23/11/2018 , 10:47:00,2649,2649
1488,23/11/2018 , 10:48:00,2636,2636
1489,23/11/2018 , 10:49:00,2656,2656
1490,23/11/2018 , 10:50:00,2701,2701
1491,23/11/2018 , 10:51:00,2748,2748
1492,23/11/2018 , 10:52:00,2514,2514
1493,23/11/2018 , 10:53:00,1919,1919
1494,23/11/2018 , 10:54:00,2902,2902
1495,23/11/2018 , 10:55:00,1939,1939
1496,23/11/2018 , 10:56:00,2765,2765
1497,23/11/2018 , 10:57:00,2714,2714
1498,23/11/2018 , 10:58:00,2758,2758
1499,23/11/2018 , 10:59:00,2205,2205
1500,23/11/2018 , 11:00:00,2405,2405
1501,23/11/2018 , 11:01:00,2729,2729
1502,23/11/2018 , 11:02:00,2853,2853
1503,23/11/2018 , 11:03:00,2984,2984
1504,23/11/2018 , 11:04:00,3041,3041
1505,23/11/2018 , 11:05:00,2879,2879
1506,23/11/2018 , 11:06:00,2826,2826
1507,23/11/2018 , 11:07:00,2743,2743
1508,23/11/2018 , 11:08:00,2704,2704
1509,23/11/2018 , 11:09:00,2690,2690
1510,23/11/2018 , 11:10:00,2669,2669
1511,23/11/2018 , 11:11:00,2679,2679
1512,23/11/2018 , 11:12:00,2696,2696
1513,23/11/2018 , 11:13:00,2721,2721
1514,23/11/2018 , 11:14:00,2775,2775
1515,23/11/2018 , 11:15:00,2245,2245
1516,23/11/2018 , 11:16:00,1642,1642
1517,23/11/2018 , 11:17:00,2503,2503
1518,23/11/2018 , 11:18:00,2829,2829
1519,23/11/2018 , 11:19:00,2947,2947
1520,23/11/2018 , 11:20:00,2841,2841
1521,23/11/2018 , 11:21:00,2813,2813
1522,23/11/2018 , 11:22:00,2906,2906
1523,23/11/2018 , 11:23:00,2221,2221
1524,23/11/2018 , 11:24:00,2416,2416
1525,23/11/2018 , 11:25:00,2831,2831
1526,23/11/2018 , 11:26:00,2743,2743
1527,23/11/2018 , 11:27:00,2819,2819
1528,23/11/2018 , 11:28:00,2857,2857
1529,23/11/2018 , 11:29:00,2289,2289
1530,23/11/2018 , 11:30:00,623,623
1531,23/11/2018 , 11:31:00,1385,1385
1532,23/11/2018 , 11:32:00,1846,1846
1533,23/11/2018 , 11:33:00,3050,3050
1534,23/11/2018 , 11:34:00,3001,3001
1535,23/11/2018 , 11:35:00,2978,2978
1536,23/11/2018 , 11:36:00,1620,1620
1537,23/11/2018 , 11:37:00,2632,2632
1538,23/11/2018 , 11:38:00,2804,2804
1539,23/11/2018 , 11:39:00,2777,2777
1540,23/11/2018 , 11:40:00,2851,2851
1541,23/11/2018 , 11:41:00,2823,2823
1542,23/11/2018 , 11:42:00,2904,2904
1543,23/11/2018 , 11:43:00,2822,2822
1544,23/11/2018 , 11:44:00,2815,2815
1545,23/11/2018 , 11:45:00,2830,2830
1546,23/11/2018 , 11:46:00,2809,2809
1547,23/11/2018 , 11:47:00,2787,2787
1548,23/11/2018 , 11:48:00,2758,2758
1549,23/11/2018 , 11:49:00,2747,2747
1550,23/11/2018 , 11:50:00,2739,2739
1551,23/11/2018 , 11:51:00,2740,2740
1552,23/11/2018 , 11:52:00,2750,2750
1553,23/11/2018 , 11:53:00,2750,2750
1554,23/11/2018 , 11:54:00,2766,2766
1555,23/11/2018 , 11:55:00,2802,2802
1556,23/11/2018 , 11:56:00,2852,2852
1557,23/11/2018 , 11:57:00,2811,2811
1558,23/11/2018 , 11:58:00,2793,2793
1559,23/11/2018 , 11:59:00,2801,2801
1560,23/11/2018 , 12:00:00,2819,2819
1561,23/11/2018 , 12:01:00,2783,2783
1562,23/11/2018 , 12:02:00,2752,2752
1563,23/11/2018 , 12:03:00,2745,2745
1564,23/11/2018 , 12:04:00,2746,2746
1565,23/11/2018 , 12:05:00,2761,2761
1566,23/11/2018 , 12:06:00,2801,2801
1567,23/11/2018 , 12:07:00,2819,2819
1568,23/11/2018 , 12:08:00,2704,2704
1569,23/11/2018 , 12:09:00,2651,2651
1570,23/11/2018 , 12:10:00,2740,2740
1571,23/11/2018 , 12:11:00,2723,2723
1572,23/11/2018 , 12:12:00,2709,2709
1573,23/11/2018 , 12:13:00,2725,2725
1574,23/11/2018 , 12:14:00,2726,2726
1575,23/11/2018 , 12:15:00,2696,2696
1576,23/11/2018 , 12:16:00,2668,2668
1577,23/11/2018 , 12:17:00,2662,2662
1578,23/11/2018 , 12:18:00,2668,2668
1579,23/11/2018 , 12:19:00,2674,2674
1580,23/11/2018 , 12:20:00,2697,2697
1581,23/11/2018 , 12:21:00,2712,2712
1582,23/11/2018 , 12:22:00,2681,2681
1583,23/11/2018 , 12:23:00,2671,2671
1584,23/11/2018 , 12:24:00,2694,2694
1585,23/11/2018 , 12:25:00,2712,2712
1586,23/11/2018 , 12:26:00,2644,2644
1587,23/11/2018 , 12:27:00,2663,2663
1588,23/11/2018 , 12:28:00,2668,2668
1589,23/11/2018 , 12:29:00,2673,2673
1590,23/11/2018 , 12:30:00,2673,2673
1591,23/11/2018 , 12:31:00,2677,2677
1592,23/11/2018 , 12:32:00,2684,2684
1593,23/11/2018 , 12:33:00,2675,2675
1594,23/11/2018 , 12:34:00,2685,2685
1595,23/11/2018 , 12:35:00,2697,2697
1596,23/11/2018 , 12:36:00,2726,2726
1597,23/11/2018 , 12:37:00,2766,2766
1598,23/11/2018 , 12:38:00,2630,2630
1599,23/11/2018 , 12:39:00,2328,2328
1600,23/11/2018 , 12:40:00,2674,2674
1601,23/11/2018 , 12:41:00,2760,2760
1602,23/11/2018 , 12:42:00,2797,2797
1603,23/11/2018 , 12:43:00,2881,2881
1604,23/11/2018 , 12:44:00,2851,2851
1605,23/11/2018 , 12:45:00,2805,2805
1606,23/11/2018 , 12:46:00,2824,2824
1607,23/11/2018 , 12:47:00,2864,2864
1608,23/11/2018 , 12:48:00,2797,2797
1609,23/11/2018 , 12:49:00,2762,2762
1610,23/11/2018 , 12:50:00,2740,2740
1611,23/11/2018 , 12:51:00,2726,2726
1612,23/11/2018 , 12:52:00,2744,2744
1613,23/11/2018 , 12:53:00,2783,2783
1614,23/11/2018 , 12:54:00,2854,2854
1615,23/11/2018 , 12:55:00,2912,2912
1616,23/11/2018 , 12:56:00,2685,2685
1617,23/11/2018 , 12:57:00,2886,2886
1618,23/11/2018 , 12:58:00,2859,2859
1619,23/11/2018 , 12:59:00,2852,2852
1620,23/11/2018 , 13:00:00,2775,2775
1621,23/11/2018 , 13:01:00,1860,1860
1622,23/11/2018 , 13:02:00,2801,2801
1623,23/11/2018 , 13:03:00,2778,2778
1624,23/11/2018 , 13:04:00,2855,2855
1625,23/11/2018 , 13:05:00,2874,2874
1626,23/11/2018 , 13:06:00,2869,2869
1627,23/11/2018 , 13:07:00,2322,2322
1628,23/11/2018 , 13:08:00,2062,2062
1629,23/11/2018 , 13:09:00,2203,2203
1630,23/11/2018 , 13:10:00,1509,1509
1631,23/11/2018 , 13:11:00,1309,1309
1632,23/11/2018 , 13:12:00,771,771
1633,23/11/2018 , 13:13:00,691,691
1634,23/11/2018 , 13:14:00,2810,2810
1635,23/11/2018 , 13:15:00,3071,3071
1636,23/11/2018 , 13:16:00,2677,2677
1637,23/11/2018 , 13:17:00,2948,2948
1638,23/11/2018 , 13:18:00,2707,2707
1639,23/11/2018 , 13:19:00,3005,3005
1640,23/11/2018 , 13:20:00,2562,2562
1641,23/11/2018 , 13:21:00,2103,2103
1642,23/11/2018 , 13:22:00,2909,2909
1643,23/11/2018 , 13:23:00,2860,2860
1644,23/11/2018 , 13:24:00,2850,2850
1645,23/11/2018 , 13:25:00,2855,2855
1646,23/11/2018 , 13:26:00,2853,2853
1647,23/11/2018 , 13:27:00,2847,2847
1648,23/11/2018 , 13:28:00,2893,2893
1649,23/11/2018 , 13:29:00,2940,2940
1650,23/11/2018 , 13:30:00,2994,2994
1651,23/11/2018 , 13:31:00,2764,2764
1652,23/11/2018 , 13:32:00,3113,3113
1653,23/11/2018 , 13:33:00,3159,3159
1654,23/11/2018 , 13:34:00,3127,3127
1655,23/11/2018 , 13:35:00,3149,3149
1656,23/11/2018 , 13:36:00,3223,3223
1657,23/11/2018 , 13:37:00,1650,1650
1658,23/11/2018 , 13:38:00,3104,3104
1659,23/11/2018 , 13:39:00,2482,2482
1660,23/11/2018 , 13:40:00,2796,2796
1661,23/11/2018 , 13:41:00,3188,3188
1662,23/11/2018 , 13:42:00,2870,2870
1663,23/11/2018 , 13:43:00,3141,3141
1664,23/11/2018 , 13:44:00,2867,2867
1665,23/11/2018 , 13:45:00,2700,2700
1666,23/11/2018 , 13:46:00,2489,2489
1667,23/11/2018 , 13:47:00,2773,2773
1668,23/11/2018 , 13:48:00,2378,2378
1669,23/11/2018 , 13:49:00,2872,2872
1670,23/11/2018 , 13:50:00,3057,3057
1671,23/11/2018 , 13:51:00,858,858
1672,23/11/2018 , 13:52:00,3022,3022
1673,23/11/2018 , 13:53:00,1933,1933
1674,23/11/2018 , 13:54:00,793,793
1675,23/11/2018 , 13:55:00,2442,2442
1676,23/11/2018 , 13:56:00,3009,3009
1677,23/11/2018 , 13:57:00,3047,3047
1678,23/11/2018 , 13:58:00,3073,3073
1679,23/11/2018 , 13:59:00,2696,2696
1680,23/11/2018 , 14:00:00,719,719
1681,23/11/2018 , 14:01:00,974,974
1682,23/11/2018 , 14:02:00,2884,2884
1683,23/11/2018 , 14:03:00,2942,2942
1684,23/11/2018 , 14:04:00,2989,2989
1685,23/11/2018 , 14:05:00,2281,2281
1686,23/11/2018 , 14:06:00,2253,2253
1687,23/11/2018 , 14:07:00,864,864
1688,23/11/2018 , 14:08:00,1183,1183
1689,23/11/2018 , 14:09:00,2999,2999
1690,23/11/2018 , 14:10:00,3118,3118
1691,23/11/2018 , 14:11:00,3001,3001
1692,23/11/2018 , 14:12:00,770,770
1693,23/11/2018 , 14:13:00,912,912
1694,23/11/2018 , 14:14:00,2662,2662
1695,23/11/2018 , 14:15:00,3118,3118
1696,23/11/2018 , 14:16:00,3224,3224
1697,23/11/2018 , 14:17:00,2407,2407
1698,23/11/2018 , 14:18:00,1002,1002
1699,23/11/2018 , 14:19:00,711,711
1700,23/11/2018 , 14:20:00,929,929
1701,23/11/2018 , 14:21:00,626,626
1702,23/11/2018 , 14:22:00,932,932
1703,23/11/2018 , 14:23:00,2784,2784
1704,23/11/2018 , 14:24:00,2813,2813
1705,23/11/2018 , 14:25:00,1150,1150
1706,23/11/2018 , 14:26:00,1065,1065
1707,23/11/2018 , 14:27:00,2147,2147
1708,23/11/2018 , 14:28:00,964,964
1709,23/11/2018 , 14:29:00,1286,1286
1710,23/11/2018 , 14:30:00,774,774
1711,23/11/2018 , 14:31:00,897,897
1712,23/11/2018 , 14:32:00,1468,1468
1713,23/11/2018 , 14:33:00,1008,1008
1714,23/11/2018 , 14:34:00,1529,1529
1715,23/11/2018 , 14:35:00,2735,2735
1716,23/11/2018 , 14:36:00,2072,2072
1717,23/11/2018 , 14:37:00,2693,2693
1718,23/11/2018 , 14:38:00,2552,2552
1719,23/11/2018 , 14:39:00,821,821
1720,23/11/2018 , 14:40:00,564,564
1721,23/11/2018 , 14:41:00,630,630
1722,23/11/2018 , 14:42:00,2241,2241
1723,23/11/2018 , 14:43:00,1997,1997
1724,23/11/2018 , 14:44:00,908,908
1725,23/11/2018 , 14:45:00,2800,2800
1726,23/11/2018 , 14:46:00,2755,2755
1727,23/11/2018 , 14:47:00,2727,2727
1728,23/11/2018 , 14:48:00,2507,2507
1729,23/11/2018 , 14:49:00,2706,2706
1730,23/11/2018 , 14:50:00,2740,2740
1731,23/11/2018 , 14:51:00,2605,2605
1732,23/11/2018 , 14:52:00,2799,2799
1733,23/11/2018 , 14:53:00,2206,2206
1734,23/11/2018 , 14:54:00,912,912
1735,23/11/2018 , 14:55:00,1789,1789
1736,23/11/2018 , 14:56:00,1616,1616
1737,23/11/2018 , 14:57:00,975,975
1738,23/11/2018 , 14:58:00,486,486
1739,23/11/2018 , 14:59:00,422,422
1740,23/11/2018 , 15:00:00,421,421
1741,23/11/2018 , 15:01:00,1034,1034
1742,23/11/2018 , 15:02:00,2361,2361
1743,23/11/2018 , 15:03:00,2337,2337
1744,23/11/2018 , 15:04:00,1320,1320
1745,23/11/2018 , 15:05:00,1562,1562
1746,23/11/2018 , 15:06:00,2107,2107
1747,23/11/2018 , 15:07:00,2058,2058
1748,23/11/2018 , 15:08:00,2031,2031
1749,23/11/2018 , 15:09:00,2043,2043
1750,23/11/2018 , 15:10:00,2034,2034
1751,23/11/2018 , 15:11:00,2013,2013
1752,23/11/2018 , 15:12:00,1947,1947
1753,23/11/2018 , 15:13:00,1895,1895
1754,23/11/2018 , 15:14:00,1882,1882
1755,23/11/2018 , 15:15:00,1885,1885
1756,23/11/2018 , 15:16:00,1855,1855
1757,23/11/2018 , 15:17:00,1793,1793
1758,23/11/2018 , 15:18:00,1830,1830
1759,23/11/2018 , 15:19:00,1860,1860
1760,23/11/2018 , 15:20:00,1537,1537
1761,23/11/2018 , 15:21:00,1793,1793
1762,23/11/2018 , 15:22:00,1229,1229
1763,23/11/2018 , 15:23:00,1090,1090
1764,23/11/2018 , 15:24:00,693,693
1765,23/11/2018 , 15:25:00,348,348
1766,23/11/2018 , 15:26:00,299,299
1767,23/11/2018 , 15:27:00,516,516
1768,23/11/2018 , 15:28:00,1250,1250
1769,23/11/2018 , 15:29:00,1184,1184
1770,23/11/2018 , 15:30:00,1195,1195
1771,23/11/2018 , 15:31:00,560,560
1772,23/11/2018 , 15:32:00,924,924
1773,23/11/2018 , 15:33:00,830,830
1774,23/11/2018 , 15:34:00,541,541
1775,23/11/2018 , 15:35:00,1046,1046
1776,23/11/2018 , 15:36:00,1124,1124
1777,23/11/2018 , 15:37:00,1186,1186
1778,23/11/2018 , 15:38:00,1179,1179
1779,23/11/2018 , 15:39:00,1168,1168
1780,23/11/2018 , 15:40:00,1140,1140
1781,23/11/2018 , 15:41:00,744,744
1782,23/11/2018 , 15:42:00,430,430
1783,23/11/2018 , 15:43:00,465,465
1784,23/11/2018 , 15:44:00,431,431
1785,23/11/2018 , 15:45:00,1000,1000
1786,23/11/2018 , 15:46:00,1128,1128
1787,23/11/2018 , 15:47:00,1157,1157
1788,23/11/2018 , 15:48:00,1105,1105
1789,23/11/2018 , 15:49:00,899,899
1790,23/11/2018 , 15:50:00,558,558
1791,23/11/2018 , 15:51:00,749,749
1792,23/11/2018 , 15:52:00,1087,1087
1793,23/11/2018 , 15:53:00,1078,1078
1794,23/11/2018 , 15:54:00,1058,1058
1795,23/11/2018 , 15:55:00,624,624
1796,23/11/2018 , 15:56:00,380,380
1797,23/11/2018 , 15:57:00,652,652
1798,23/11/2018 , 15:58:00,348,348
1799,23/11/2018 , 15:59:00,431,431
1800,23/11/2018 , 16:00:00,518,518
1801,23/11/2018 , 16:01:00,692,692
1802,23/11/2018 , 16:02:00,881,881
1803,23/11/2018 , 16:03:00,514,514
1804,23/11/2018 , 16:04:00,372,372
1805,23/11/2018 , 16:05:00,295,295
1806,23/11/2018 , 16:06:00,222,222
1807,23/11/2018 , 16:07:00,218,218
1808,23/11/2018 , 16:08:00,247,247
1809,23/11/2018 , 16:09:00,354,354
1810,23/11/2018 , 16:10:00,374,374
1811,23/11/2018 , 16:11:00,333,333
1812,23/11/2018 , 16:12:00,360,360
1813,23/11/2018 , 16:13:00,371,371
1814,23/11/2018 , 16:14:00,332,332
1815,23/11/2018 , 16:15:00,251,251
1816,23/11/2018 , 16:16:00,181,181
1817,23/11/2018 , 16:17:00,164,164
1818,23/11/2018 , 16:18:00,186,186
1819,23/11/2018 , 16:19:00,225,225
1820,23/11/2018 , 16:20:00,238,238
1821,23/11/2018 , 16:21:00,230,230
1822,23/11/2018 , 16:22:00,219,219
1823,23/11/2018 , 16:23:00,228,228
1824,23/11/2018 , 16:24:00,213,213
1825,23/11/2018 , 16:25:00,217,217
1826,23/11/2018 , 16:26:00,217,217
1827,23/11/2018 , 16:27:00,213,213
1828,23/11/2018 , 16:28:00,218,218
1829,23/11/2018 , 16:29:00,209,209
1830,23/11/2018 , 16:30:00,185,185
1831,23/11/2018 , 16:31:00,165,165
1832,23/11/2018 , 16:32:00,145,145
1833,23/11/2018 , 16:33:00,134,134
1834,23/11/2018 , 16:34:00,130,130
1835,23/11/2018 , 16:35:00,125,125
1836,23/11/2018 , 16:36:00,126,126
1837,23/11/2018 , 16:37:00,129,129
1838,23/11/2018 , 16:38:00,129,129
1839,23/11/2018 , 16:39:00,132,132
1840,23/11/2018 , 16:40:00,129,129
1841,23/11/2018 , 16:41:00,131,131
1842,23/11/2018 , 16:42:00,140,140
1843,23/11/2018 , 16:43:00,150,150
1844,23/11/2018 , 16:44:00,150,150
1845,23/11/2018 , 16:45:00,151,151
1846,23/11/2018 , 16:46:00,151,151
1847,23/11/2018 , 16:47:00,162,162
1848,23/11/2018 , 16:48:00,183,183
1849,23/11/2018 , 16:49:00,206,206
1850,23/11/2018 , 16:50:00,204,204
1851,23/11/2018 , 16:51:00,184,184
1852,23/11/2018 , 16:52:00,164,164
1853,23/11/2018 , 16:53:00,161,161
1854,23/11/2018 , 16:54:00,155,155
1855,23/11/2018 , 16:55:00,144,144
1856,23/11/2018 , 16:56:00,119,119
1857,23/11/2018 , 16:57:00,120,120
1858,23/11/2018 , 16:58:00,137,137
1859,23/11/2018 , 16:59:00,142,142
1860,23/11/2018 , 17:00:00,120,120
1861,23/11/2018 , 17:01:00,63,63
1862,23/11/2018 , 17:02:00,60,60
1863,23/11/2018 , 17:03:00,2,2
1864,23/11/2018 , 17:04:00,1,1
1865,23/11/2018 , 17:05:00,4,4
1866,23/11/2018 , 17:06:00,2,2
1867,23/11/2018 , 17:07:00,3,3
1868,23/11/2018 , 17:08:00,3,3
1869,23/11/2018 , 17:09:00,3,3
